employee_id,first_name,last_name,email,phone,hire_date,job_id,department_id
1,Russell,Young,speterson@gmail.com,(062)801-7172,11-04-2017,2,4
2,Jessica,Griffin,croberts@rivera.info,1833776114,20-07-2018,5,4
3,Amy,Martinez,jill16@yahoo.com,161-655-4385x468,23-09-2017,2,4
4,Tony,Rodriguez,brandon58@yahoo.com,130-685-3997,02-10-2018,6,5
5,Beth,Mata,mwhite@yahoo.com,-6701,17-12-2016,3,3
6,Samantha,White,vthompson@nolan-ryan.com,274.703.6112x71012,13-10-2023,6,4
7,Sara,Carlson,mhill@hotmail.com,362.243.0846,22-01-2020,7,1
8,Tyler,Johnson,theresamitchell@park.net,175-401-2667x091,16-10-2018,1,1
9,Brandon,Williams,johnsontamara@zimmerman.biz,529-342-7943,08-05-2017,2,2
10,Ashley,Barnett,pruittapril@santos.com,(970)837-6862,01-05-2019,2,5
11,John,Ramirez,lynnmcgee@yahoo.com,001-573-065-4153x345,12-04-2016,3,2
12,Christian,Taylor,tfriedman@gmail.com,474.504.8467,16-03-2021,5,2
13,Lisa,Duffy,gregorysimmons@hotmail.com,4086672122,04-03-2020,2,5
14,Desiree,Lawson,kirk00@hotmail.com,-1153,14-03-2022,2,1
15,Bradley,Hull,uconley@gmail.com,001-794-160-8041x116,18-06-2018,3,4
16,Cindy,Henderson,qallison@hotmail.com,740.956.3587,10-09-2018,1,1
17,Rachael,Lewis,jordanking@sharp.com,+1-444-747-0914x802,06-06-2018,6,3
18,Meagan,Randolph,ruizcheryl@gmail.com,001-967-097-3228x295,16-02-2023,1,2
19,Wesley,Moss,lindseymicheal@brooks.org,967.039.1778x74191,29-04-2021,4,5
20,Gregory,Perez,joseph04@rollins.biz,(352)145-8384,31-01-2021,1,1
21,Nancy,Stanley,lrobinson@beck.com,001-563-643-6793x380,12-02-2025,2,4
22,Marc,Owens,laura16@hotmail.com,001-974-119-7105x447,28-07-2025,6,3
23,Vincent,Riggs,mmartin@yahoo.com,170.052.6101,24-09-2021,4,2
24,Gina,Morgan,kelly91@gonzalez.org,001-681-292-9078x53108,01-12-2017,6,1
25,Amy,Howell,crystal27@hotmail.com,001-754-872-9488,12-11-2019,7,4
26,Joanne,Li,darren40@meyers-lewis.com,(039)599-0980x87505,26-06-2016,6,1
27,Brian,Gibson,christophermcguire@gmail.com,001-864-526-6667,13-09-2018,3,3
28,Ryan,Watson,donnaschultz@ray.com,+1-858-354-4141x9960,19-06-2019,2,5
29,David,Cowan,johnsonedward@yahoo.com,(142)876-8134x947,20-04-2025,4,1
30,Julia,Hartman,kathryn50@hotmail.com,(363)259-0208x685,16-03-2022,4,2
31,Ashley,Cooper,martinezerin@yahoo.com,001-531-323-0004x8871,15-04-2022,6,1
32,Sara,Schwartz,andersonwilliam@gmail.com,+1-812-054-7427x10299,22-05-2019,2,3
33,Manuel,Smith,guzmanmelissa@yahoo.com,242-348-7073x957,10-07-2021,6,3
34,Jennifer,Daniels,ejackson@yahoo.com,533-959-4608x503,16-09-2020,6,1
35,Kayla,Santos,courtneyford@hotmail.com,(751)527-4861x549,20-03-2020,5,1
36,Nicole,Farrell,ggraham@austin.org,(996)682-5600,30-10-2024,1,5
37,Travis,Mckenzie,kcruz@huffman-yang.com,+1-608-050-8700x97448,09-03-2023,4,4
38,Brandy,Braun,susan69@yahoo.com,001-063-494-2393x0908,26-07-2024,3,3
39,Tina,Parker,tpark@hotmail.com,(221)039-7763x79384,09-03-2023,5,2
40,Deanna,Cole,shelly23@yahoo.com,001-349-658-2764,07-05-2025,2,4
41,William,Smith,lindseyfritz@turner.info,(863)199-0101,26-08-2024,7,5
42,Jessica,Hernandez,shawnmurphy@gmail.com,331-867-2798x9655,07-03-2020,1,5
43,Kelly,Mcdonald,dylan96@sanchez.com,+1-359-919-8856x96581,22-02-2021,2,5
44,Mason,Mclean,eroberts@smith-brown.com,(973)507-2372x13814,16-01-2025,7,4
45,Debra,Holland,rebeccaking@gmail.com,969-293-8905,11-03-2024,3,5
46,Steven,Welch,courtney89@hotmail.com,001-742-411-8069x2468,30-10-2024,5,4
47,Anna,Sanchez,leebrenda@gmail.com,582-063-4384,30-10-2024,5,4
48,Mary,Tran,carolyn43@martin-carrillo.com,181-181-6393x73628,07-09-2017,7,1
49,Timothy,Serrano,jeffery66@walker-williams.org,001-638-728-9268x0067,20-02-2021,7,2
50,Michele,Townsend,willismark@yahoo.com,001-872-418-6877x70701,15-11-2024,6,4
51,Brian,Jenkins,oreynolds@sanchez.com,001-510-606-4072,13-11-2017,7,4
52,Christopher,Rogers,rhodesbrian@hotmail.com,001-276-103-5799x5054,22-01-2017,6,3
53,William,Zuniga,qrodgers@gonzalez.biz,554945883,07-08-2024,3,1
54,Jeffrey,Garcia,karen70@anderson.com,317-165-5452,31-03-2020,4,5
55,Richard,Williams,sharonrush@reid-miller.com,930-711-1601x820,04-10-2018,2,4
56,Marcus,Hale,gilesronald@hotmail.com,-6216,19-01-2018,3,3
57,Sarah,Romero,david79@gmail.com,(347)513-8997x5965,24-07-2023,4,5
58,Brian,Stout,bhorne@king-williams.biz,5441948994,22-04-2017,1,1
59,Louis,Byrd,hughesthomas@stephens-smith.com,746-191-7667x3291,29-10-2018,4,1
60,Holly,Burgess,chelsea03@hotmail.com,064.410.9368x825,04-05-2023,5,4
61,James,Page,richardbush@johnson.com,203-512-2952,21-03-2019,5,1
62,Stephen,Roman,william79@walker.com,+1-232-190-9005x78024,24-03-2019,4,2
63,Evan,Johnson,ortizcynthia@delacruz.com,465-065-3044x48262,27-07-2017,4,4
64,Samuel,Baker,robertjohnson@glover.com,(858)804-1849,04-04-2016,3,4
65,Angela,Daniel,william06@gmail.com,(495)420-8336,08-10-2016,5,1
66,Yolanda,Marshall,thorntonjulie@yahoo.com,681-572-0597,18-07-2016,5,4
67,Rebecca,Torres,itrujillo@moore.com,(369)885-2341x237,09-03-2020,6,3
68,Thomas,Newman,porterdavid@ortiz-carpenter.com,001-428-149-3094x765,22-07-2022,7,4
69,Dawn,Graham,hannah16@hotmail.com,+1-342-165-1049x42824,29-01-2021,4,1
70,Lauren,Mclaughlin,davisalison@montgomery-gibson.org,801-850-4399x14251,06-04-2019,5,4
71,John,Coleman,imoore@yahoo.com,480-204-9065x19515,08-05-2019,6,1
72,Andrew,Cummings,fbrooks@gmail.com,+1-675-787-9599x0483,20-03-2021,2,4
73,David,Dorsey,erika05@yahoo.com,001-329-367-4058x425,20-12-2015,3,4
74,Dennis,Martinez,lisa53@brandt.com,001-770-137-2786x3854,02-09-2022,5,3
75,Stephanie,Martinez,danielsjose@hudson.com,001-374-602-0717x30380,31-10-2015,4,5
76,Jennifer,Hernandez,walkerstephanie@hotmail.com,001-367-089-1749x7512,29-04-2022,6,4
77,Laurie,Wilson,turnersherry@hotmail.com,034-123-3631,27-03-2020,1,4
78,Eric,Coleman,barbara42@ellis-mason.info,(561)955-7171x66889,14-07-2019,4,4
79,Corey,Hoffman,vazquezrobert@gray.com,9346655401,03-05-2019,5,3
80,Jessica,Young,fschultz@gmail.com,790.287.2120,31-05-2016,4,2
81,Erin,Martin,monica31@yahoo.com,+1-059-542-1189x42416,06-01-2025,5,5
82,Eduardo,Thomas,elijahtaylor@montgomery.info,980.823.1791,21-01-2020,5,4
83,Rodney,Brady,angelabrooks@gmail.com,001-663-356-0087,24-04-2020,6,5
84,Harry,Newton,rebecca26@hotmail.com,011.342.5115x9415,11-08-2016,2,2
85,Kristina,Ford,heather83@hotmail.com,(204)109-6026,14-07-2016,4,3
86,Meghan,Wade,shellyhunter@franklin-lane.net,180.918.3419,15-09-2025,3,3
87,Denise,Chase,jeffreyboyd@hotmail.com,-7486,28-02-2019,7,5
88,Christina,Taylor,timothydavis@davis-bates.org,188.485.7102x15073,07-03-2025,5,4
89,Andrew,Johnson,john54@mcmahon.com,352-562-6587,01-04-2025,2,5
90,Jose,Villarreal,elizabethlee@silva.com,724.802.6235x416,09-02-2021,3,4
91,Sydney,Shaw,ashleyhuff@stuart-mitchell.net,(910)293-9495x85757,17-01-2020,3,2
92,Michael,Lee,jenningschase@wilson.com,117.606.8333x379,29-11-2019,5,4
93,Chase,Brandt,charlesramos@hotmail.com,(108)853-4134x9533,06-01-2022,4,3
94,David,Carroll,bethroman@hotmail.com,166.599.6680x9708,13-06-2020,1,5
95,Lori,Petersen,tina52@hotmail.com,(445)964-3443x05123,28-03-2024,2,5
96,Misty,Velez,snyderrobert@yahoo.com,6417199196,04-07-2020,5,1
97,Austin,Fischer,vburch@powers.biz,083-526-9769x83367,24-12-2017,5,2
98,Paul,Turner,zdavis@hawkins-phillips.org,001-797-083-3595x125,22-03-2016,2,2
99,Thomas,Gray,oneillrenee@evans.org,001-862-016-8523x43810,06-10-2015,5,1
100,April,Brown,bfernandez@yahoo.com,001-295-738-4538x1063,11-01-2017,7,4
101,Jason,Taylor,joy26@hotmail.com,7341864616,03-09-2019,1,3
102,Kevin,Burke,andrew28@hull.biz,851-556-3613,04-12-2019,3,5
103,Michael,Daniel,lmoore@rich-nichols.com,620.906.7767x9048,21-03-2023,3,3
104,Dustin,Landry,sarahhubbard@gmail.com,001-743-773-4603x0860,24-03-2025,7,5
105,Deanna,White,mhunt@hotmail.com,+1-966-195-5326x015,11-06-2021,2,5
106,John,Garcia,elizabethbates@jones.com,001-408-890-2823x7754,05-03-2016,2,3
107,Daniel,Johnson,tara03@montes-lee.com,5052261356,29-08-2019,7,2
108,Lisa,Garcia,lewismichael@gmail.com,876-854-8819,07-02-2016,5,3
109,Kevin,Singh,walkerbrittney@hotmail.com,883-540-8166,28-04-2018,4,2
110,Benjamin,Taylor,alison60@harris.net,+1-169-963-0851x36873,25-02-2019,2,1
111,Tracy,Potter,romerokelly@hotmail.com,351.066.4387x106,07-07-2017,7,5
112,Elizabeth,Wagner,orichardson@gmail.com,031.571.5634x3868,15-01-2017,7,1
113,Anthony,Mendoza,bradleymorris@gmail.com,+1-616-430-3933x4986,12-02-2022,7,4
114,Kenneth,Perez,ostewart@smith.com,402.455.3321x3184,13-12-2024,5,1
115,Deanna,Mosley,cheryl33@kaufman.com,(173)722-9338,14-11-2022,6,1
116,Susan,Young,brennanangela@yahoo.com,(777)859-7229x162,24-07-2018,5,3
117,Levi,Taylor,paynebrenda@gmail.com,001-672-758-2321,19-07-2016,5,4
118,Joshua,Johnston,tiffany69@gmail.com,738.390.1313x3506,29-09-2023,4,3
119,Melissa,Herring,roberthall@gmail.com,715.659.7914,10-03-2020,3,1
120,Adam,Strong,mcmahoncynthia@gmail.com,392-729-6965x49903,26-05-2016,7,3
121,Lindsay,Lopez,kking@gmail.com,+1-629-166-6099x41928,14-03-2025,7,2
122,Robert,Rogers,tiffany86@williams.info,+1-942-193-3604x3790,31-05-2025,1,2
123,Katie,Haynes,hartmanalexandra@hotmail.com,659-859-2332x12756,17-08-2022,3,1
124,Janet,Abbott,bbyrd@evans-mann.com,001-352-620-3917x4999,28-03-2025,2,1
125,Jose,Cross,fisherthomas@gmail.com,307-551-6275x7709,28-07-2024,5,5
126,Gregory,Carlson,elliottthomas@hotmail.com,009.083.9778x8255,01-12-2022,3,1
127,Heather,Campos,robertseric@gmail.com,771-608-1428,12-08-2016,5,4
128,Carrie,Bailey,alexanderjason@yahoo.com,(471)492-6855x30482,09-07-2021,3,1
129,Robert,Wilson,foxzachary@ross-manning.com,7979795677,08-01-2023,2,5
130,Zachary,Taylor,danielbright@hotmail.com,360.786.2402,07-03-2025,6,3
131,Jasmine,Smith,lauriesimmons@yahoo.com,1954383167,21-08-2019,4,3
132,Rachel,Gray,lwright@hunter.com,001-364-561-1697,21-05-2016,7,5
133,Mark,Rodriguez,hannah40@benson.com,+1-788-642-3763x086,17-01-2025,4,1
134,Tracey,Potts,santosgwendolyn@gmail.com,(969)971-3112x28414,15-01-2022,6,1
135,Lance,Morris,lopezkaren@hotmail.com,+1-488-586-1671x99709,26-10-2018,4,1
136,Monica,Nguyen,lihannah@hotmail.com,108.614.4958x746,04-04-2022,2,5
137,Michael,Harrison,fevans@yahoo.com,-3966,13-01-2023,1,4
138,Kevin,Brown,jenniferjohnson@jones-wade.info,001-616-485-7869x327,01-06-2025,7,5
139,Sarah,Terry,umcclain@moody-bautista.com,001-745-898-4474x0945,05-11-2020,7,4
140,Rick,Steele,alison80@yahoo.com,(559)096-4842x8964,16-03-2019,3,1
141,Cynthia,Burton,john99@martin-king.net,687.955.0869x613,05-10-2020,5,5
142,John,Johnson,timothy36@clarke.com,(736)755-0337x022,15-05-2018,1,5
143,John,Clements,jessica78@gmail.com,+1-253-477-4025x64764,20-03-2024,7,4
144,Elizabeth,Meyers,donna06@santana.biz,259.484.1654x2749,18-07-2025,5,1
145,John,Kelley,jhenderson@yahoo.com,849.213.0024x811,16-01-2025,5,5
146,Ruben,Thomas,gillespiecameron@gmail.com,(524)850-6647x60692,11-07-2020,3,5
147,Ronald,Valdez,sherri35@duarte.org,001-446-009-0773x862,28-03-2023,3,5
148,John,Pham,lindsey25@gmail.com,456.088.8336x3634,27-09-2023,3,2
149,Miranda,Reed,lauren50@scott.com,001-030-431-8764x2045,23-04-2021,3,2
150,James,Blankenship,rubiocatherine@cantu-lewis.com,(971)429-8991x396,07-08-2016,4,5
151,Danielle,Vasquez,jonrogers@yahoo.com,228-596-8332x6110,23-10-2024,5,3
152,Paul,Parker,waltermiller@yahoo.com,9322929359,20-09-2018,6,4
153,Richard,Gutierrez,khodge@hayes-hunt.com,317.837.0645x91527,02-07-2018,6,5
154,James,Black,goodwinkristen@hotmail.com,226-293-4588,22-09-2022,1,2
155,Jordan,Adams,michaelcooper@gmail.com,287.441.7014x1867,08-03-2019,3,5
156,Christopher,Walker,langtiffany@hotmail.com,-6561,11-08-2021,2,3
157,Jonathan,Spencer,wilsonmichael@gmail.com,001-982-476-2756x40178,13-02-2019,7,5
158,Christina,Rogers,matthewwright@ball-curtis.com,001-759-880-9049,07-10-2016,7,5
159,Jeffrey,Mosley,michael34@yahoo.com,971-780-2596x98156,07-11-2019,1,5
160,Christie,Dodson,reginaldbaxter@crawford.com,783-017-5165x23716,19-05-2024,5,4
161,John,Reilly,fischeramanda@yahoo.com,(680)247-4891x483,11-06-2016,4,3
162,Brian,Smith,gallagherzoe@harper.com,(786)932-0811x89332,27-02-2021,3,3
163,Michelle,Barr,michelle01@hotmail.com,838.124.7777,29-09-2017,3,4
164,Deanna,Savage,xhuff@deleon-ellis.com,(587)729-7523,24-09-2018,4,5
165,Melissa,Weber,marysmith@gmail.com,055.900.5751x728,30-09-2020,7,5
166,Vanessa,Hawkins,jonesdebbie@gmail.com,+1-285-108-5649x0242,14-11-2024,2,3
167,Susan,Harris,daniel26@buchanan.com,978.272.3215x391,21-08-2018,5,5
168,Joseph,Pope,lstafford@chan.biz,+1-039-104-5929x6181,15-09-2017,3,1
169,Grant,Gonzalez,molly64@yahoo.com,762-127-2078x94913,07-12-2023,4,2
170,Jacqueline,Murray,william05@armstrong.biz,+1-553-256-6348x297,13-07-2018,1,5
171,Jennifer,Banks,stephanie80@myers.com,-3231,04-08-2023,2,2
172,Eric,Leonard,tperez@rubio.com,763.308.1823x727,09-05-2019,6,1
173,Lisa,James,hbernard@curry-holder.info,(125)665-2114,21-11-2020,6,2
174,Julie,Lucas,benjamin20@yahoo.com,+1-609-612-3401x24501,26-05-2018,1,2
175,Carrie,West,julieperkins@johnson.com,(534)216-8523,30-04-2022,2,2
176,Karen,Ortiz,louis60@williams.biz,115-763-4002,18-07-2025,2,1
177,Anna,Scott,moralesdanny@hotmail.com,-1955,22-08-2021,1,2
178,Nicholas,Ford,zlittle@miller-johnson.com,001-348-547-6710x8494,21-01-2022,6,4
179,Tiffany,Glenn,aimee03@yahoo.com,877.823.8874x979,27-09-2021,6,5
180,Joshua,Simpson,troysanford@yahoo.com,+1-566-060-9238x19026,03-12-2022,7,2
181,Dorothy,Smith,karen54@gmail.com,+1-571-555-8190x175,14-01-2016,5,4
182,Roy,Cross,daniel46@hotmail.com,184-542-1407,25-08-2017,7,4
183,Jose,Brewer,caitlin45@bell-simmons.net,+1-954-470-6153x0451,22-09-2020,1,1
184,Jason,Taylor,hancockwendy@moreno.com,(468)689-0457x0045,28-06-2020,3,3
185,Kimberly,Roberts,baileyrobbins@king-stewart.com,8976458875,26-11-2020,3,4
186,Cindy,Leonard,rachaelfowler@yahoo.com,423-407-5921,12-12-2019,2,2
187,Jacqueline,Keller,afrench@hotmail.com,-5168,25-12-2016,6,1
188,Debbie,Ponce,krystal72@gmail.com,7404883457,06-09-2019,7,2
189,Frank,Harvey,john14@yahoo.com,(588)786-5692x1804,11-03-2023,7,4
190,Michelle,Fitzpatrick,smarshall@gmail.com,9456309755,26-08-2021,7,3
191,Tammy,Young,david93@yahoo.com,320.073.4405,26-10-2019,7,2
192,Carla,Johnson,justin47@yahoo.com,6878323848,04-09-2020,2,3
193,Mathew,Dodson,diazconnor@gmail.com,+1-870-598-3195x81516,07-06-2019,5,4
194,Victor,Walker,jacqueline49@gmail.com,(264)180-7901,28-04-2025,4,5
195,Jonathan,Cook,sarahbell@howell.biz,207-054-1935,25-01-2020,5,1
196,Renee,Moore,mark87@peters.info,218-899-9492x88062,14-04-2020,3,2
197,David,Moreno,kathycampbell@gmail.com,(218)694-9341,28-04-2016,7,5
198,Brittany,Williams,sowens@yahoo.com,354.939.3419x9292,25-04-2025,2,4
199,Kelly,Martinez,rodneystephens@guerra.net,(742)855-3101x197,26-04-2019,6,2
200,Olivia,White,robert17@fisher.com,015.813.2438x95682,16-08-2020,7,5
201,Peter,Vargas,gwendolyn69@mcguire.org,(306)642-3970,13-03-2022,6,5
202,Stephen,Smith,michael86@anderson.com,(824)075-4869,26-11-2016,4,5
203,David,Wong,heidi89@hotmail.com,7736128368,25-05-2020,5,5
204,Cathy,Dillon,ihuffman@hotmail.com,775.434.2912x14058,19-12-2022,7,5
205,Doris,Fowler,ojohnston@yahoo.com,(729)340-5645x25309,10-07-2023,6,1
206,Malik,Prince,cjohnson@lucas.com,(732)071-4060,27-02-2022,2,4
207,Lee,Hughes,sonya77@gmail.com,389.671.4127x3451,23-11-2017,3,3
208,Crystal,Richard,morenokelly@gmail.com,266-917-9377x367,04-01-2020,6,2
209,Crystal,Jordan,nancy57@yahoo.com,001-414-197-5016x3665,08-03-2023,1,3
210,Melissa,Harris,stewartrichard@vaughn-white.biz,745.111.8734,19-01-2016,2,3
211,Melissa,Hernandez,frankbowen@hotmail.com,001-067-267-1352,07-09-2022,1,1
212,Deanna,Burgess,scotthenderson@hotmail.com,581-559-4741,13-08-2018,1,4
213,Amanda,Brooks,jonesbrent@mitchell-garcia.info,387.628.2569x502,12-02-2021,3,4
214,Mark,Murphy,timothyreyes@clark.net,001-187-785-3538x782,21-06-2021,1,1
215,Audrey,Rodriguez,sanchezkelly@hotmail.com,(501)625-9811x954,11-12-2017,4,2
216,Justin,Young,ustewart@bryant-lopez.biz,700-938-2143,01-06-2024,1,3
217,Ian,Green,elizabeth86@gibbs.com,+1-289-456-6758x76835,07-03-2023,2,3
218,Robert,Ramos,kimberlycantu@gmail.com,+1-399-537-5269x6685,07-12-2021,1,4
219,Lisa,Spears,harrisjohn@dickerson-simpson.net,001-894-679-4823,06-03-2023,3,1
220,Gregory,Torres,briancooper@rodriguez.com,2223569185,17-09-2018,4,2
221,Catherine,Morris,jessica09@yahoo.com,(517)229-3003,08-10-2021,1,3
222,Timothy,Berg,hamiltonbrianna@adams-taylor.com,852.798.2803,23-11-2018,6,1
223,Jim,Juarez,alexanderbeck@hotmail.com,904-130-3099x8926,16-06-2023,1,4
224,Suzanne,Rodriguez,rubioelizabeth@hotmail.com,(226)520-5973x0905,14-03-2020,3,3
225,Courtney,Miller,michelle64@hotmail.com,406-660-4153x100,16-11-2015,3,5
226,Rodney,Bishop,simsbrittany@miller.biz,(266)460-2653x5843,14-05-2019,1,4
227,Suzanne,Reid,ulee@gmail.com,033-263-5456,11-10-2023,1,2
228,Anthony,Young,rebecca82@mclaughlin.com,997-935-7858x09214,27-03-2020,6,4
229,Kimberly,Miller,brettdavila@hamilton-riggs.info,141.387.9823,12-02-2023,4,3
230,Austin,Lee,carrie44@gmail.com,001-050-615-0266x9564,28-10-2024,6,2
231,Caitlin,Burnett,sabrinascott@hotmail.com,931.499.7441,28-08-2016,5,4
232,David,Pham,craigturner@mclean.info,+1-884-943-8072x17532,17-05-2024,5,3
233,Tyler,Park,grobinson@gmail.com,(706)532-8504x157,11-06-2024,6,3
234,Blake,Blake,zpineda@ramos-bailey.com,387-284-5651x73245,12-06-2018,5,2
235,Mark,Boyle,xbrown@burke.com,(419)090-0972x0977,26-05-2016,7,5
236,Dawn,Miller,bondsarah@yahoo.com,(419)811-1414,18-07-2025,4,5
237,Scott,Meyer,ellisross@yahoo.com,582-640-4161x226,04-09-2017,5,1
238,Ryan,Hines,rsmith@hotmail.com,+1-129-818-7880x4907,14-06-2024,7,3
239,Felicia,Anderson,chelseagarza@white.com,(651)684-6051x1946,14-12-2019,2,3
240,Kayla,Thomas,johnsonstephanie@yahoo.com,(684)504-8292x470,12-03-2023,5,4
241,John,Miller,tammy30@yahoo.com,634-692-1697,14-04-2023,5,4
242,Jennifer,Rodriguez,morriskeith@nichols-stewart.com,+1-136-245-3946x85434,02-08-2024,4,4
243,Joshua,Roberts,james10@williams.info,+1-348-111-0580x692,02-10-2022,4,5
244,Ashley,Aguilar,smithheather@hotmail.com,099.755.3795,19-06-2022,2,5
245,Wendy,Nicholson,christine95@hotmail.com,001-447-847-3108x072,31-03-2016,4,1
246,Dawn,Mendoza,kelly53@baldwin.com,+1-525-734-8545x71657,14-05-2017,1,2
247,Wendy,Lee,pcollins@yahoo.com,887.100.3307x217,23-09-2017,1,2
248,Mark,Garcia,pughwilliam@hotmail.com,888-373-9249,21-06-2023,6,2
249,Cindy,Cobb,nathanhall@torres-hogan.com,001-819-152-1699x40306,07-11-2020,7,4
250,Alan,Watson,kevin25@mason.com,158.392.0289,05-12-2022,6,2
251,James,Werner,dennisschultz@yahoo.com,(754)376-1535,13-12-2020,3,5
252,Kelli,Tanner,yarnold@baldwin.com,8311845672,12-04-2018,5,1
253,Jeffery,Jones,elizabeth72@gmail.com,785-996-2775x1235,17-04-2017,2,4
254,Stephanie,Jenkins,bookerbarbara@thomas-johnson.com,940.203.7760,31-01-2019,1,4
255,Alex,Barnett,jason93@caldwell.net,682-332-4855x09597,03-04-2024,6,3
256,Brian,Gardner,farleylawrence@yahoo.com,1166181098,21-06-2020,4,2
257,Steven,Martin,vpowell@thompson.com,137.952.4181x612,21-11-2023,5,3
258,Katie,Farmer,sethtaylor@hotmail.com,866-362-6156x00725,09-01-2019,3,4
259,Darlene,Wood,kimberly53@gonzales-russell.com,153.584.6093x526,26-01-2017,6,4
260,Joseph,Nash,hlara@gmail.com,001-649-531-2571,28-04-2022,2,3
261,Chad,Horn,khaas@gmail.com,3314993273,11-10-2022,5,3
262,Nancy,Gutierrez,ewilliams@hotmail.com,001-337-161-8728x041,27-04-2023,4,2
263,Jason,Houston,shari33@jones.com,963.276.7007x2035,20-07-2022,1,3
264,Matthew,Heath,vtaylor@hotmail.com,299-588-4480,15-04-2017,5,3
265,Charles,Faulkner,adamsmark@yahoo.com,+1-744-597-3925x5265,04-12-2023,3,1
266,Natalie,Sims,bgutierrez@gmail.com,070-178-5494x10973,28-12-2023,4,4
267,Antonio,Garcia,hmorris@gmail.com,426.435.5985x6511,16-10-2023,6,3
268,Lisa,Rodriguez,jesse27@yahoo.com,+1-535-795-9873x5880,21-09-2022,6,3
269,Emma,Rice,amanda72@hotmail.com,+1-362-197-9700x013,13-04-2020,3,4
270,Erika,Anderson,jacobmcdowell@moreno.com,620-854-3287x3519,17-12-2021,5,1
271,Sandra,Porter,russell49@yahoo.com,454.026.2617x773,12-12-2017,6,4
272,Jasmine,Hall,phart@gmail.com,977-189-2933,01-09-2022,3,2
273,Matthew,Whitney,clintonjohnson@mack.com,-8307,23-05-2016,6,3
274,Melissa,Sullivan,jessica26@wilkins-chen.com,+1-959-551-4598x04407,27-03-2023,4,5
275,Ryan,Schroeder,cruzzachary@hotmail.com,629.583.8015,10-07-2016,1,1
276,Crystal,Evans,tammyjensen@wall-williamson.com,001-598-542-0275,25-11-2018,3,1
277,Matthew,Rodriguez,watsonrobert@gmail.com,(271)192-6983x58305,26-07-2018,2,1
278,Ricardo,Ross,robertsaudrey@lin.biz,957.675.4737x8796,08-09-2023,2,1
279,Matthew,Smith,hsanchez@hotmail.com,7900886059,12-09-2023,4,5
280,Wanda,Henderson,duncanmelissa@hotmail.com,705.549.0385x90309,14-06-2025,1,4
281,Jonathan,Wright,cturner@fry-doyle.com,+1-280-153-6007x1012,01-02-2019,1,4
282,David,Wilkins,julie09@olsen-ruiz.net,+1-035-652-3535x4065,20-01-2018,5,4
283,Andrew,Collins,colemandesiree@rodriguez.net,(611)251-4227x27933,24-08-2016,3,2
284,Dustin,Hall,nicolephillips@medina-hess.com,377-861-3231,02-01-2020,4,5
285,Brittany,Anderson,kleindebbie@hotmail.com,198-332-7988x7861,23-10-2024,5,5
286,Robin,Andrade,james14@schaefer-murray.biz,001-713-209-4230x15899,15-05-2023,4,3
287,Joseph,Love,chelsea03@yahoo.com,122.208.0000x55047,02-09-2017,7,3
288,Zachary,Fields,bankswilliam@hotmail.com,(845)131-3823,19-03-2019,7,2
289,Kathleen,Lewis,jose62@fitzgerald.com,-3922,06-11-2022,2,2
290,Joseph,Allen,christinadunn@gonzalez.com,840.655.7726x789,29-11-2018,7,4
291,Jordan,Gonzalez,sparker@mccormick.com,+1-345-528-9804x8266,29-03-2024,3,3
292,Cindy,Evans,sanderscrystal@savage.com,821.513.3501x244,25-12-2023,6,5
293,Amanda,Ross,schmidtsarah@gmail.com,6507696921,08-07-2022,1,1
294,Shannon,Johnson,mcgeeaustin@ayers-hudson.org,+1-435-486-8388x116,17-04-2019,6,3
295,Veronica,Gill,margaretrodriguez@bruce.net,+1-138-690-1057x3431,06-03-2024,1,5
296,Rebekah,Hanson,barrsamantha@gmail.com,847-173-8249x160,28-03-2018,6,5
297,Hannah,Villanueva,scooper@gmail.com,+1-774-694-8444x736,05-08-2021,2,3
298,Donald,Davis,kevinwhite@gmail.com,234-279-7777x074,20-08-2018,6,4
299,Jesus,Parker,gwatson@gmail.com,001-566-246-7394x563,03-08-2024,7,4
300,Christopher,Bennett,blake61@yahoo.com,+1-621-967-9885x881,29-03-2022,2,1
301,Laura,Villanueva,morrisleslie@hebert-alvarado.com,(876)368-1901x9113,11-07-2019,4,4
302,Mariah,Jennings,pdelacruz@richardson.biz,+1-059-229-8712x4569,03-04-2022,3,3
303,Jim,Perez,christineharris@king-smith.com,+1-859-291-4655x559,22-07-2022,1,5
304,Donna,Fuentes,avilatina@hotmail.com,136.653.3894,02-12-2019,2,3
305,Alan,Lopez,lauraortiz@martin.biz,(506)601-3191x0906,11-01-2021,4,4
306,Jamie,Spencer,kelsey78@hotmail.com,+1-659-346-6888x9833,29-04-2019,4,2
307,Michael,Murray,qsteele@yahoo.com,001-316-419-7999x80849,03-06-2023,3,5
308,Derek,Pratt,camachowilliam@long.com,+1-569-850-0199x1881,18-03-2025,2,3
309,Jessica,Taylor,sherry25@edwards.com,001-577-154-7779,14-01-2022,1,1
310,Amanda,Miller,andrew74@allen.net,956-725-5036x84387,30-10-2022,4,4
311,Katelyn,Bush,moorejean@hotmail.com,001-147-228-4422x28310,17-07-2016,2,2
312,Andrea,Hart,gonzalezpatrick@gmail.com,741-703-7763,20-09-2023,6,3
313,Henry,Olson,ogibson@yahoo.com,001-032-650-7080,11-10-2016,5,1
314,Vickie,Dillon,stodd@hotmail.com,170.439.3534x791,26-07-2019,3,5
315,Michelle,Washington,hvasquez@diaz.com,646-339-6835x22746,09-02-2025,2,5
316,Lisa,Carrillo,amberbates@gmail.com,(572)819-2652,14-04-2019,5,4
317,Lisa,Lambert,lrose@hotmail.com,664-080-6781,15-08-2018,5,3
318,Barbara,Valenzuela,martinezkristin@rivers-norton.com,923.075.8092x249,06-07-2023,5,3
319,Megan,Palmer,shannon87@gmail.com,(972)747-9954x27474,22-02-2017,6,4
320,Patricia,Nelson,reginamcintosh@gmail.com,706.051.9471x0901,11-05-2024,7,1
321,John,Fleming,qhumphrey@hotmail.com,(364)788-1030x71529,30-04-2024,5,2
322,Michele,Lopez,robert78@yahoo.com,009-636-7642,05-09-2021,3,4
323,Timothy,Myers,acolon@lowery.com,763-652-7986x57994,08-05-2023,1,5
324,Chris,Wheeler,kimberlyhill@yahoo.com,837.008.2397x9743,30-12-2021,1,2
325,Michelle,Wright,jparker@gmail.com,(559)394-1366x20480,29-07-2025,2,3
326,Alexa,Davis,tinaburton@yahoo.com,7640355183,23-08-2023,5,2
327,Natalie,Williams,lisaburns@gmail.com,(717)199-0709,24-03-2023,1,1
328,Matthew,Pena,mhaley@guzman-johnson.com,+1-763-116-9702x13101,04-03-2022,7,1
329,Amy,Odonnell,marianguyen@yahoo.com,-2198,11-08-2020,5,2
330,Ryan,Franklin,brewerkenneth@gmail.com,213.654.9105x166,01-03-2021,1,1
331,Jerry,Anderson,richardharrison@hotmail.com,001-294-178-9189x04757,04-07-2021,5,4
332,Alexandria,Vaughn,angela15@hotmail.com,339-278-3911x200,01-04-2016,6,2
333,Kathleen,Parker,woodjoann@hotmail.com,755.130.2127,13-03-2018,1,2
334,Sharon,Daniel,alexandra98@gmail.com,-5487,23-08-2025,7,1
335,Chase,Carrillo,millerlisa@adkins-young.com,711.314.1404x2700,16-10-2023,3,5
336,Lauren,Harris,joanna67@brady.net,(810)771-9643x051,30-05-2022,7,5
337,Rachel,Jones,johnrussell@buckley-medina.com,(476)818-2636x29131,15-12-2020,6,2
338,Martha,Shaw,danieltimothy@hogan-smith.com,(924)740-2762,02-12-2024,5,3
339,Benjamin,Stone,andersonamanda@hotmail.com,001-305-567-7862x045,05-06-2017,7,5
340,Leah,Baker,lisamyers@gmail.com,-5932,11-06-2016,5,2
341,Amy,Browning,olivia40@tapia-cooper.info,+1-784-617-4378x14451,01-09-2017,4,2
342,Dustin,Rodriguez,bjacobs@gmail.com,(417)730-6200,26-02-2018,7,4
343,Jennifer,Parker,sharvey@hotmail.com,016-687-5867,08-01-2023,1,3
344,William,Austin,mcdowellwilliam@hernandez.com,037.266.6012,28-11-2016,4,3
345,Scott,Hernandez,pittmanandrew@hotmail.com,4615107387,25-10-2023,5,3
346,Andrea,English,davidduran@jones.org,(836)879-9502x35493,21-09-2015,4,4
347,John,Collins,stevenchase@walker.com,-5186,22-10-2016,7,2
348,Angela,Ruiz,tara29@yahoo.com,(794)971-2223x1157,29-07-2020,7,1
349,Benjamin,Dyer,pam35@madden-craig.com,001-075-503-4333x1376,19-08-2022,6,3
350,Donna,Peters,fordnathaniel@yahoo.com,(340)696-5065x7351,11-05-2016,1,5
351,George,Conway,mcdanielstephanie@caldwell.com,(233)891-6766,19-03-2020,4,4
352,Derek,Chen,aanderson@yahoo.com,(552)001-5100,13-01-2021,3,4
353,Adam,Barnes,danieljohnson@gmail.com,958.689.3404,21-01-2021,3,1
354,Justin,White,djohnson@gmail.com,001-697-764-7689x8071,07-03-2021,7,4
355,Mary,Berry,etaylor@fisher-neal.com,+1-443-831-0225x2807,06-06-2018,5,1
356,Kenneth,Wright,lisa28@morse-figueroa.net,+1-778-635-6367x644,23-05-2017,4,2
357,Andrew,Clark,teresa52@hotmail.com,001-063-129-0455x36281,20-02-2023,5,4
358,Jason,Gonzalez,gwagner@wall-miller.biz,001-598-426-5459x1964,24-12-2022,1,1
359,James,Krause,larrymiller@gmail.com,(676)067-1094x45810,01-02-2021,4,3
360,Frederick,Romero,kristi32@gmail.com,898.571.3381,30-05-2016,2,1
361,Stephanie,Garcia,rachel26@hotmail.com,(729)521-7285x017,19-06-2023,6,3
362,Eric,Lane,kristen62@gmail.com,560.426.2004x313,21-01-2021,4,1
363,Megan,Walsh,cody36@yahoo.com,(134)317-6203x4995,21-12-2015,5,5
364,Stephanie,Barnes,taylorhector@brown.com,(783)485-8879x2301,07-06-2018,3,3
365,Stephen,Young,scottjacob@cordova.com,-3808,03-03-2017,7,2
366,William,Payne,sandraross@gmail.com,001-705-469-1011x0361,17-10-2016,5,3
367,Jennifer,Hart,nroberts@hotmail.com,9189619235,24-07-2023,5,1
368,Adam,Barker,noah50@gmail.com,+1-127-074-2508x3092,09-03-2020,7,3
369,Diane,Barnett,boydthomas@hull.info,(112)541-3645x58761,01-01-2018,2,2
370,Jason,Steele,daltonhenson@hotmail.com,698-746-0356,04-10-2016,7,5
371,George,Luna,wjones@rosario.org,+1-218-462-6131x9704,14-09-2018,1,3
372,Stephanie,Woodard,john79@mendez.net,347-335-3652,28-12-2021,1,3
373,Shelley,Drake,geaton@fuller.com,144-625-2455x351,14-08-2017,4,2
374,Kimberly,Farrell,omcguire@gmail.com,(138)874-4830x25331,06-04-2018,7,5
375,Howard,Martinez,anthony92@lopez.com,373.027.8051x376,16-08-2020,6,4
376,Jessica,Hayes,jacksontyler@hotmail.com,183-994-2741x849,29-04-2018,2,5
377,Susan,Cochran,kirkjessica@yahoo.com,+1-804-305-4316x745,09-11-2016,6,2
378,David,Ellison,katrinaromero@hotmail.com,+1-331-939-6092x043,22-02-2024,4,2
379,Elizabeth,Davis,michellejones@perkins-black.com,001-253-586-2939x48428,23-06-2024,2,3
380,Lori,Randall,shawnatalie@hotmail.com,429.331.8334,01-12-2017,2,4
381,Angela,Farmer,aburton@yahoo.com,001-320-084-9986,29-01-2025,6,1
382,Nathan,Lopez,patrickcarter@nash-wood.com,494-973-5602x491,18-09-2015,2,5
383,Adrian,Lee,cynthiapaul@gmail.com,(576)847-3834,10-05-2025,5,1
384,Mary,Acevedo,karen74@hodge-martin.com,001-802-370-8579x97863,27-10-2016,5,5
385,Mary,Edwards,rossadrian@hotmail.com,645-250-9008x757,14-12-2022,7,5
386,Jonathan,Brandt,tammycherry@yahoo.com,031-942-8878x97374,18-06-2023,1,4
387,Jennifer,Johns,gestrada@moore.net,-10767,22-10-2021,4,4
388,Daniel,Ruiz,vdelacruz@jackson.com,001-244-400-9183x386,26-10-2022,7,2
389,Kevin,Andrews,santanabecky@gmail.com,184-952-7215x27780,06-11-2021,1,5
390,Steven,Smith,ndavis@yahoo.com,(382)666-1781x7163,02-02-2019,4,2
391,Paul,Schroeder,christopherblack@hotmail.com,524-175-1465,17-01-2025,1,1
392,Rebecca,Mckenzie,fthomas@yahoo.com,(436)251-1675,21-05-2021,1,2
393,Alvin,Hill,laurie68@yahoo.com,(032)428-9932,27-10-2023,6,3
394,Alexander,Rogers,sherricontreras@gmail.com,+1-834-270-0750x28622,23-12-2020,2,3
395,Heather,Randall,daviskevin@hotmail.com,+1-416-703-2028x48406,03-06-2017,3,2
396,David,Pierce,brendaspence@nguyen.com,001-441-901-6319,30-01-2016,5,3
397,Raymond,Price,david97@gmail.com,+1-443-964-7559x1216,23-01-2024,7,2
398,Sharon,Dawson,davisdustin@elliott.com,001-553-048-2500,23-06-2018,2,1
399,Michelle,White,amanda55@gmail.com,484.667.1044,12-08-2020,3,5
400,Linda,Shepard,mjones@hotmail.com,+1-332-945-8061x44170,02-04-2024,1,5
401,Amber,Harmon,isabel06@gmail.com,+1-118-126-0757x0296,20-04-2021,4,2
402,Jason,Alexander,rita60@yahoo.com,-3383,13-05-2022,1,5
403,Jennifer,Campbell,tbrown@hotmail.com,420-600-6342,09-05-2020,1,5
404,Joe,Vargas,dfarley@hotmail.com,(960)355-5225,11-09-2021,6,4
405,Eric,Olson,fpowers@hotmail.com,8935246571,05-06-2017,1,1
406,Mary,Parker,bensonamanda@gmail.com,(440)728-0233x992,04-10-2015,1,4
407,Shannon,Leblanc,sophiareynolds@white.com,001-056-860-5938x5782,31-07-2019,7,2
408,Ryan,Mahoney,bsummers@gmail.com,+1-240-055-1576x820,10-11-2022,1,4
409,Katie,Hooper,stephenolsen@yahoo.com,+1-198-959-8436x8156,17-07-2023,3,2
410,Brandon,Gibson,sophiaperez@gmail.com,+1-476-102-2784x55686,16-08-2023,2,3
411,Nathan,Smith,laura29@jenkins.com,534-093-1377,13-02-2020,1,5
412,Brandon,Clark,billywells@jones.com,003-658-4851x06360,22-05-2023,6,3
413,Derek,Browning,crystal29@yahoo.com,7396986900,26-02-2020,3,5
414,Donna,Clarke,andrew94@hotmail.com,141-936-3673x16882,09-07-2024,6,5
415,Jennifer,Dalton,virginiafriedman@hotmail.com,(031)672-4351,16-04-2021,1,2
416,Ronald,Lee,smithpaul@hotmail.com,416-951-8499,24-12-2016,2,4
417,Roger,Stephens,melissa03@higgins-vega.com,569.092.1931,26-10-2023,2,3
418,Nicole,Chavez,samanthawilliams@gmail.com,(789)774-4802x1859,19-08-2023,5,5
419,Allison,Watson,fdavis@atkins-taylor.com,001-580-557-9935,19-08-2020,5,1
420,Elizabeth,Walters,gilljulia@edwards.com,(943)651-7444x0289,15-05-2018,3,5
421,Tony,Caldwell,william84@goodwin.org,723-271-6501,29-11-2017,2,5
422,Bryan,Hernandez,cummingsmichelle@gmail.com,586.057.1985x5434,19-05-2021,5,4
423,David,Wells,millerdonald@yahoo.com,(603)476-4899x68856,08-03-2025,5,4
424,Jennifer,Woods,romeroconnor@kelly.com,482-144-4076,22-07-2018,1,2
425,Lori,Jimenez,stephanie98@perez-dunn.net,8694203980,14-11-2023,4,1
426,Carolyn,Castro,john04@gmail.com,271-580-5219,08-08-2017,5,2
427,Mary,Roth,oortega@gmail.com,+1-957-085-4339x750,30-08-2022,2,2
428,April,Johnson,sawyermary@hawkins.com,838-504-5377x1815,29-01-2023,2,3
429,Larry,French,alejandro14@hotmail.com,308-217-3414x5202,02-04-2021,4,3
430,Henry,Hall,michael01@weaver-bennett.com,+1-237-352-9054x438,16-06-2018,3,1
431,David,Rodgers,imullins@garcia.org,(058)488-8188,15-10-2020,3,4
432,Brittany,Stevens,plane@yahoo.com,009.093.9286,19-11-2015,6,5
433,Allison,Hubbard,weberkyle@diaz-pittman.info,3655121641,10-12-2022,7,2
434,Cynthia,Smith,moyerkim@hotmail.com,+1-616-962-3142x4247,22-10-2015,3,3
435,Donald,Stevenson,oevans@yahoo.com,001-521-008-3245x77549,01-05-2016,3,3
436,Tyler,Green,greeneric@castro.biz,(788)618-4218x5646,21-09-2024,7,4
437,Carol,Martinez,kochoa@shea.com,489.459.8566,06-06-2019,7,1
438,Cristina,Rodriguez,tapialinda@hall.org,-6028,09-10-2017,6,1
439,Sara,Hensley,sadams@hotmail.com,584.659.0944x287,16-11-2022,7,4
440,Diane,Duncan,rfranklin@anderson-anderson.com,505.218.4063,12-11-2020,3,2
441,Brittney,Tucker,wsalas@rush.com,(991)831-9821,20-03-2018,5,3
442,Jessica,Sparks,kara64@yahoo.com,308-014-9014x1161,17-07-2016,2,1
443,Mary,Smith,gsullivan@yahoo.com,1458533079,03-04-2018,5,5
444,Aaron,Morrow,contrerasannette@hotmail.com,+1-858-672-4807x0178,07-02-2020,3,4
445,Cynthia,Miller,kcantu@porter.com,+1-204-515-2640x567,22-07-2025,2,4
446,Jacob,Hudson,marshallstephanie@rogers.org,001-961-995-3787,31-10-2015,1,5
447,Darrell,Mccarty,karenknight@white-walters.com,001-062-441-3365x15413,21-08-2020,5,4
448,Jonathan,Gregory,george77@hunter.info,391-879-0257x718,19-02-2019,1,5
449,Carmen,Ellis,michaelfowler@molina-russell.com,(802)117-3502x21241,20-04-2016,6,4
450,Sabrina,Franklin,daniel87@davis.biz,(095)188-4766,18-10-2016,1,3
451,Richard,Arnold,joneselizabeth@gmail.com,871.377.2381x6978,02-07-2019,7,5
452,Katie,Thomas,shannon76@gmail.com,609-795-8490x52719,24-04-2023,6,5
453,Nicole,Galloway,dgomez@taylor.info,(096)090-0633x42407,15-05-2022,2,5
454,Sandra,Crosby,martinhailey@carlson.com,241-881-9502x017,04-08-2021,2,2
455,Brendan,Butler,vwilliams@yahoo.com,038.917.0908,23-04-2019,3,3
456,Dorothy,Lane,rickey38@gmail.com,618.494.7747,29-02-2020,1,5
457,Madison,Moore,scottjoe@gmail.com,8622968534,29-03-2019,4,4
458,Jeremy,Knox,carly51@rowland-love.com,982.607.6978,03-12-2018,2,3
459,Ryan,Howard,shortjames@medina.com,022-313-7297x853,07-03-2020,1,3
460,Bethany,Perkins,wrightmelissa@moore-christensen.com,757.326.2091x88951,08-03-2021,4,4
461,Roger,Armstrong,duncanchristopher@lopez-welch.org,863-691-4858x1066,04-06-2018,7,5
462,Christopher,Case,lisa16@lewis-velasquez.com,(064)965-6264x63409,26-01-2017,3,2
463,David,Nelson,lisa13@gmail.com,554.427.3812x00367,24-01-2019,7,1
464,Lisa,Smith,ashley29@gmail.com,377-421-7527,14-03-2017,3,5
465,Felicia,Davis,acevedocourtney@yahoo.com,026-364-7761x9503,01-05-2020,1,5
466,Bryan,Campbell,gary96@johnson.net,714-019-3353,28-04-2022,6,4
467,Andre,Gardner,melissa00@yahoo.com,206.028.2704,11-09-2020,5,2
468,Joseph,Moore,tatebrenda@gmail.com,896-069-6279x2739,26-02-2022,5,4
469,William,Fletcher,lfarmer@rios.com,522.446.8285,03-07-2016,5,5
470,Steven,Hanson,oscarriley@martinez-williams.com,(187)322-6012,12-11-2016,5,3
471,Mary,Hill,millerdaniel@hernandez-johnson.org,+1-213-549-7451x99786,28-06-2023,2,4
472,Jennifer,Schneider,joel50@cross.net,001-114-989-1384x428,25-11-2015,5,2
473,Deborah,Davis,nunezamy@fuller.com,062-713-9949,21-12-2019,7,2
474,Christopher,Foley,heatherflores@hotmail.com,747-050-3100x87644,16-08-2019,7,2
475,Ashley,Stewart,bmartin@brown-winters.biz,350.679.2386,19-09-2019,7,3
476,Mary,Hubbard,jonesjennifer@robles.org,001-302-483-3191x78254,07-04-2022,3,4
477,Brianna,Hunter,jameslopez@rivera-blake.com,1688388453,08-04-2016,7,4
478,Gabriel,Johnson,reynoldsmonica@yahoo.com,(544)594-5576x36403,31-01-2024,5,3
479,Victoria,Shea,jenniferstein@hotmail.com,001-629-058-6229x45843,18-08-2022,1,1
480,Connie,Smith,colemanalice@parks-mcdonald.info,(627)200-8983,06-06-2017,6,5
481,Charles,Luna,parksjessica@gmail.com,488-450-5351,29-07-2025,4,3
482,Kimberly,Hicks,shawna05@petty.org,957.095.8405,20-08-2022,2,3
483,Robert,Gardner,hernandezstacy@rogers-caldwell.org,668-880-7622,24-08-2022,7,4
484,Willie,Gaines,vhardy@wood.org,373-870-5640,06-09-2023,5,1
485,Robert,Wells,richarddelgado@gmail.com,4812710893,25-07-2016,6,2
486,Robert,Thompson,npowell@yahoo.com,490.828.9415x5313,31-01-2020,6,1
487,Patricia,Mcclain,thomasjames@hotmail.com,001-225-528-2716x87785,08-06-2023,1,5
488,Julie,Kim,richardsmith@carr.org,541-915-0532x351,06-09-2017,2,2
489,Timothy,Arroyo,vwatson@gmail.com,+1-754-197-9525x49961,17-08-2025,5,5
490,James,Hamilton,moorejulie@yahoo.com,777-067-2357x309,10-06-2024,1,2
491,Jeffery,Miller,sandradorsey@clark.org,001-372-076-0573,14-08-2025,6,1
492,Ruth,Olsen,fwilliams@yahoo.com,660-306-2238x50056,04-10-2022,4,4
493,Tammy,Mullins,jennifer96@donaldson-green.com,1062187174,02-07-2018,2,1
494,Chad,Sanchez,vgarcia@gmail.com,312-640-0836x10815,17-06-2018,3,2
495,Joe,Wang,millermaria@esparza-george.com,(443)428-0542,31-07-2017,5,1
496,John,Weber,dlee@gmail.com,527-190-0024,30-11-2015,5,4
497,Darlene,Figueroa,nashjoanna@howard.com,625.812.6247,11-03-2018,2,2
498,Kenneth,Nash,pmueller@hotmail.com,+1-597-290-2357x987,02-07-2016,4,1
499,Anthony,Hall,jamesholt@hotmail.com,001-165-648-7484,04-03-2018,4,2
500,David,Adams,pfowler@hotmail.com,426-660-7100x2932,01-02-2020,5,1
501,Michael,Robinson,nmartin@yahoo.com,3780621027,17-05-2022,7,1
502,Patricia,Matthews,jennifermorgan@martin.com,634-141-3953x5454,24-11-2024,3,3
503,Tony,Bird,hernandeznicholas@farrell.org,(495)810-5531,05-03-2017,1,3
504,Marco,Thompson,connielee@hotmail.com,985-977-0684,06-01-2016,1,5
505,Tyler,Sanchez,kjohnson@cole-harding.info,5165798988,30-09-2023,7,2
506,David,Tate,amyhoward@spencer.com,(473)704-7136x02998,07-11-2016,4,1
507,Stacey,Browning,qbrooks@oneal.com,259-107-0817,28-03-2020,4,1
508,Yolanda,Lyons,tweiss@yahoo.com,+1-084-724-9675x718,29-07-2021,1,1
509,John,Olson,wesley39@king-johnson.biz,221-952-4612x62314,23-04-2017,1,4
510,Jonathan,Johnson,fwhite@weeks-weber.com,(714)365-4842x1921,19-08-2016,4,3
511,Kelly,Wong,debbienewton@green.org,001-774-738-5408,13-08-2016,4,4
512,Jeffrey,Walsh,byrdsandy@hotmail.com,+1-288-517-6771x003,23-10-2021,2,1
513,Hunter,Sanchez,esanford@hotmail.com,001-292-009-4728x44170,16-12-2023,4,4
514,Kevin,Walker,david14@yahoo.com,459-656-1210,17-01-2024,2,1
515,Debra,Bryant,angelicaanderson@yahoo.com,752.279.5908x761,20-07-2018,6,4
516,Stephen,Foster,pauldavis@gmail.com,(334)966-6836x64118,15-05-2019,5,3
517,Matthew,Martinez,jennifercruz@alvarez-thomas.net,001-787-558-4646x6745,21-08-2024,4,2
518,Lori,Walton,emilybrooks@martinez.com,-2343,01-03-2025,7,2
519,Steven,Skinner,plopez@yahoo.com,001-599-382-4033,28-03-2019,4,2
520,Andrew,Stanton,moorebrittany@yahoo.com,385.124.6135x626,26-06-2017,6,1
521,Kevin,Moore,bonnie54@gmail.com,(825)709-1265x81789,20-10-2018,3,3
522,Joshua,Reed,meyersluis@hotmail.com,+1-668-329-6246x117,10-12-2024,1,3
523,Sarah,Stone,selena94@hotmail.com,5348397766,21-11-2015,7,2
524,Rebecca,Harrison,gjohnson@mcintyre.com,771-856-6480x36413,16-05-2021,7,1
525,Brett,Flores,kelleyjames@garcia.com,001-058-330-8230x7317,29-12-2017,7,2
526,Wesley,Moreno,fking@estrada-randolph.org,539.959.5462,06-04-2018,5,2
527,Aaron,Zhang,stephenbarnes@warner.com,466.251.2843x0523,25-03-2020,1,4
528,Pamela,Colon,renee33@hotmail.com,(991)973-4628,17-01-2023,7,2
529,Isabella,Allen,steve37@yahoo.com,657.716.0980x236,21-12-2021,7,1
530,Colleen,Foley,elizabethpaul@kent.org,101-113-8752x2209,22-03-2016,5,5
531,Christopher,Rosales,panderson@zimmerman.com,739.404.1077,13-08-2025,6,3
532,Emily,Pineda,gjohnson@butler.net,478.991.9796,27-08-2024,5,5
533,Christopher,Thomas,susanwilliamson@wells.net,-10169,18-08-2018,5,2
534,Kevin,Rodgers,pdavis@hoover.biz,+1-434-423-4207x3682,04-12-2017,2,3
535,Paige,Carlson,hickstimothy@yahoo.com,777.018.7153,07-03-2020,6,2
536,Sarah,Johnson,iwatson@garrett.biz,+1-934-290-8313x661,08-08-2020,2,3
537,Micheal,Smith,charlesthompson@mcbride.net,3621873176,29-08-2017,7,5
538,George,Allen,rodriguezjessica@yahoo.com,640-143-8701x64475,02-01-2024,5,4
539,Carl,Johnson,griffinmichael@gmail.com,174.684.3565,05-11-2015,1,2
540,Heather,Simmons,jonescaitlin@murphy-fuller.com,4202439658,19-01-2020,7,1
541,Brenda,Henderson,williamspriscilla@gutierrez-harris.com,001-950-137-0328,17-04-2024,3,3
542,Mark,Preston,patrick61@yahoo.com,157-342-3645x879,29-01-2023,7,1
543,Kristen,Roman,brownnancy@meza.com,7120749579,14-12-2023,4,1
544,Mark,Maldonado,taylorjennifer@farmer.net,807-519-5134x49050,07-07-2023,3,3
545,Andrea,King,ambergilmore@brennan.com,8327791901,27-12-2022,5,2
546,Kyle,Pierce,wvalenzuela@yahoo.com,001-092-427-9341x929,08-01-2018,2,2
547,Albert,Neal,pwalsh@yahoo.com,001-541-039-0707x239,25-09-2024,6,5
548,Patricia,Garza,brittneyturner@yahoo.com,139.314.5141x9533,19-10-2024,4,3
549,Ryan,Baker,hodgeswilliam@fernandez-gutierrez.com,995-825-5508x419,23-06-2021,7,2
550,Kevin,Hall,sbarnes@gmail.com,3452322565,12-09-2016,5,4
551,Kristin,Dorsey,misty47@hansen-walker.net,2665912058,02-02-2024,5,4
552,Andrea,Mendoza,stevengriffin@yahoo.com,001-958-030-1790,17-06-2021,3,3
553,Daniel,Patel,alisha42@leon.com,001-782-401-8671,17-09-2021,4,3
554,Dustin,Garcia,gbarnes@gmail.com,155-755-2256,29-07-2025,4,1
555,Penny,Clarke,rebecca81@hotmail.com,+1-209-682-0821x410,04-07-2018,6,1
556,Kyle,Hawkins,jensenamanda@yahoo.com,615-555-3022x2633,23-01-2020,5,2
557,Jacob,Morgan,ymurray@yahoo.com,598.290.6360,18-10-2021,4,1
558,Angela,Oconnor,pagebrian@gmail.com,(308)022-2859x6101,30-12-2023,4,4
559,Rose,Davila,ihansen@gill.com,(313)816-8871x960,22-02-2022,6,4
560,Nicolas,Brown,ukim@davis.com,747-974-0398,05-12-2024,5,4
561,Jaime,Stone,susan82@yahoo.com,+1-086-457-2423x64057,07-06-2021,1,3
562,Eric,Barnes,cummingsrobert@jackson-murphy.biz,001-991-897-7448x596,10-09-2020,6,2
563,Rebecca,Jackson,amberflores@yahoo.com,001-279-217-2795x688,13-04-2022,5,2
564,Erica,Kelly,sfuentes@thompson.org,663-173-2750x05108,11-08-2016,7,4
565,William,Ross,zboyd@hall-horn.com,6863402009,21-12-2018,6,4
566,Brian,Martinez,alison51@marshall-hill.com,8111028238,23-07-2023,2,5
567,Samuel,Adams,nancyjohnson@hotmail.com,(744)003-0475x79154,04-12-2024,2,3
568,Jeffrey,Mullins,michellenguyen@yahoo.com,001-740-229-3254,20-07-2017,2,5
569,Kirsten,Patterson,sararamirez@sanford.com,323-136-8786x0305,07-03-2025,3,3
570,Dwayne,Moran,jonesgina@jackson.com,001-710-626-6881x010,29-10-2024,5,3
571,Danielle,Evans,huanggina@nicholson-sullivan.info,001-948-039-5892x01168,08-11-2022,7,1
572,Kimberly,Morris,kellytiffany@henderson-mathews.net,136.992.2594,21-02-2025,7,4
573,Jessica,Stone,samanthajohnson@yahoo.com,(037)842-7758,13-11-2021,6,2
574,Laura,Brown,ryanjones@gmail.com,033-526-6170x25066,23-10-2020,5,4
575,Michael,Wallace,dylanspears@hotmail.com,+1-944-911-2851x85277,29-11-2023,6,3
576,Jared,King,donnanewman@brown-watson.com,8059622715,10-04-2023,5,1
577,Carrie,Brooks,mark16@cabrera.com,(327)092-8150,15-12-2022,7,3
578,William,Singleton,bkeller@hotmail.com,001-865-635-1402x4204,29-07-2017,2,3
579,Cynthia,Potts,ihaney@ruiz.org,001-858-373-1727,05-12-2023,5,2
580,William,Smith,colemanjuan@hotmail.com,475.544.7622,12-03-2019,2,5
581,Hailey,Andrews,cdickerson@smith-taylor.org,(502)305-5644,09-01-2022,6,1
582,Sherri,Mcguire,maryroth@gmail.com,001-664-836-4428x7366,27-04-2016,2,1
583,James,Allen,cbryan@patterson.com,734-582-8904,19-08-2018,7,2
584,Shawn,Watson,nwhite@yahoo.com,469-485-5330x4826,02-09-2025,2,4
585,Leslie,Pena,richardgreen@lee-cain.biz,748.782.6225,11-07-2023,5,4
586,Karen,Romero,scottsharp@gmail.com,001-244-031-0328,14-12-2021,1,2
587,Frank,Bell,nicholasevans@stevens.net,001-846-209-0288x8888,09-02-2016,3,2
588,Cody,Scott,maxwelldavid@yahoo.com,001-503-865-3383x0062,22-06-2023,1,2
589,Kaitlyn,Hughes,lgarcia@rosales.org,922-841-7274x776,10-09-2017,7,2
590,Justin,Moore,heather69@rogers-wilson.com,9877177815,18-05-2022,6,1
591,Kristen,Harper,daniel25@hotmail.com,(114)019-1423,02-02-2024,1,2
592,Parker,Ramirez,marcus19@gmail.com,911-476-8468,14-08-2016,2,3
593,Paige,Gates,michael02@gmail.com,001-521-082-6172,17-09-2022,5,2
594,Amy,Garcia,melissawatson@yahoo.com,475.610.2279,18-02-2019,3,2
595,Thomas,Burke,slawrence@hotmail.com,001-237-375-6005x862,20-03-2020,7,4
596,Gregory,Hernandez,victoriawilliams@walker.com,(065)240-8130x595,30-05-2025,5,4
597,Jacob,Mendoza,whitemary@campbell.net,198.023.5958x4519,30-03-2022,4,2
598,Austin,Ayers,davidmiller@pearson.com,(669)897-1720x67839,23-03-2018,2,1
599,Jessica,Medina,nicholerhodes@mccann.net,(572)455-6227x1905,16-06-2020,7,5
600,Angela,Lee,tammymoore@gmail.com,(380)135-8708x2698,26-11-2019,1,4
601,Julie,Haas,matthewgoodwin@lee-gardner.com,345.826.8113,11-02-2025,5,5
602,Ashley,Miller,pamelapayne@yahoo.com,097.552.5723x880,03-11-2019,2,2
603,Denise,Wong,xmorales@williams.com,214-221-2044x29025,13-05-2017,4,3
604,Jerry,Schaefer,andreasantiago@freeman-bradley.biz,6342122011,01-08-2019,6,1
605,Thomas,Martinez,joshua70@hotmail.com,+1-148-151-2913x598,23-11-2017,3,3
606,Ian,Williams,kimberlysims@mcdonald.org,001-939-875-7151x593,21-07-2019,4,4
607,Katelyn,Gonzalez,agarner@lucas-oliver.com,(198)056-8462x6305,26-06-2021,5,3
608,David,Powers,jill50@pace.info,(173)538-9404,01-12-2015,7,1
609,Jesus,Fields,patricialindsey@gmail.com,962.222.4055x104,18-07-2020,1,2
610,Danny,Castro,peterharrison@stanley.biz,251.792.6726x110,18-11-2015,2,5
611,Annette,Jimenez,lholmes@hotmail.com,431.832.6918,11-06-2022,6,4
612,Paul,Torres,loveandrew@yahoo.com,801.004.7984x15452,14-09-2025,1,3
613,Stacey,Mendoza,qaustin@foster.info,001-708-950-1441x24950,09-01-2018,1,1
614,Vickie,Dean,cindy81@miller-salinas.com,085.037.2962,18-03-2025,4,3
615,Patricia,Martinez,steelejason@serrano.info,(217)156-9549,14-03-2019,2,3
616,Erica,Rose,bradleywatson@hotmail.com,001-568-526-2146x4313,09-11-2024,3,1
617,Emily,Bauer,michael53@gmail.com,+1-294-741-2594x74183,20-09-2017,3,5
618,Catherine,Weber,amandahowe@brown.biz,(718)754-3899x154,17-04-2019,3,1
619,Todd,Duncan,bonniedeleon@taylor-owen.com,(749)286-6445,14-12-2022,5,2
620,Tina,Sanders,brandonlawson@gmail.com,496-969-7983x400,29-12-2022,6,5
621,Jessica,Valdez,jonessharon@cox.com,502-497-8988x17826,18-06-2020,4,4
622,Kevin,Mcclain,warrenmichael@bolton.com,(715)185-9481x5060,02-09-2025,5,4
623,Justin,Rowe,vpennington@graham.info,400-858-3977,07-01-2016,6,2
624,Jose,Lewis,castilloariel@yahoo.com,001-076-462-8214x0766,03-08-2018,5,3
625,Matthew,Lee,dominique07@gmail.com,+1-366-350-6024x81240,07-07-2016,3,2
626,Jamie,Castillo,josegarcia@gmail.com,888.355.5434,23-07-2025,4,4
627,Hayden,Reid,edward82@gmail.com,(476)213-3896x70802,17-01-2018,5,4
628,Hector,Richmond,soniaholland@yahoo.com,(028)368-7653x848,21-07-2016,4,1
629,Ethan,Smith,bellsean@hotmail.com,474.901.3418x71745,02-07-2024,1,1
630,Caleb,Blackburn,millerjulie@yahoo.com,(817)734-4061x048,12-08-2017,6,4
631,Sherry,Gonzalez,bob85@gmail.com,9549475296,01-02-2024,1,1
632,Robert,Patterson,veronicakrause@jennings.org,471.516.3063x180,29-06-2016,1,2
633,Matthew,Chambers,rfoster@macias.com,899-701-5560x79033,16-05-2021,4,4
634,Jennifer,Ponce,nnguyen@kirby.com,081-144-7494x1027,24-06-2021,7,1
635,Zachary,Dougherty,brendawalter@smith-wallace.net,222.114.7165x025,23-06-2022,4,2
636,Joseph,Burns,alexis72@meadows-vaughn.info,787-693-7774,16-08-2025,4,2
637,Kevin,Murray,mking@mejia.com,372-941-3320x991,28-04-2021,1,2
638,Crystal,Macdonald,danielkaufman@turner.net,610.820.5804x63819,20-08-2017,1,5
639,John,Keith,scottsonya@hotmail.com,(266)968-0903,28-10-2021,2,5
640,Ashley,Garcia,john64@goodwin-davis.biz,(487)174-7552x0924,08-07-2021,1,5
641,Susan,Jones,rosenicholas@stevenson.com,(872)812-6134,28-09-2021,7,5
642,Ashley,Nguyen,rcharles@elliott.com,+1-383-458-5473x2567,28-07-2016,2,3
643,Kevin,Guerrero,paulschwartz@garrison.com,+1-211-757-4177x330,14-10-2020,5,5
644,Sarah,Garcia,james14@tate.biz,925.335.0032,12-11-2017,5,4
645,Nicole,Tyler,thomas88@reynolds-gallegos.com,300612742,06-11-2020,3,2
646,Ricky,Barrett,allisonanderson@fox-medina.org,001-570-775-0481x07696,17-05-2018,6,3
647,Mary,Cox,tommycobb@hotmail.com,(702)967-5789,19-03-2020,5,5
648,Monique,Foster,fordjavier@perez.info,(001)610-4984,30-07-2024,1,5
649,James,Lopez,uallen@yahoo.com,553-970-8307,14-01-2025,4,5
650,David,Mcneil,michellerubio@gmail.com,691.598.7190x05663,13-10-2023,5,3
651,Daniel,Reynolds,robert47@hall-maddox.com,655.865.8284x52301,04-07-2023,6,1
652,Heather,Chan,michelle07@flynn.com,469-087-3004x814,27-05-2025,4,3
653,Kaitlyn,Baldwin,carolwilson@nelson.biz,001-790-984-9400x6328,31-01-2025,5,4
654,Carol,Stewart,jeffreygonzalez@huber.info,432-646-6863,07-11-2016,6,1
655,Kimberly,Barr,jade42@king.com,-4561,27-06-2020,7,3
656,Amy,Gonzales,christopherroberson@hotmail.com,331.623.7383,13-11-2024,6,2
657,Pamela,Lewis,miguelmurphy@yahoo.com,5682646590,31-08-2023,2,1
658,Tara,Carpenter,williamswilliam@hotmail.com,+1-433-243-9513x49710,29-11-2020,7,5
659,Renee,Allison,josephgibson@hotmail.com,(926)633-5695x9276,12-01-2024,4,4
660,Ashley,Pittman,juliemarquez@hotmail.com,034.228.0264,07-09-2022,4,2
661,Joseph,Williams,zcabrera@yahoo.com,481-466-3321,29-09-2016,6,5
662,Christopher,Roberson,amandalong@lin.org,(592)421-9328,09-12-2024,6,5
663,Rodney,Chavez,jonescorey@doyle-daniels.com,(626)137-8723x9103,30-08-2022,7,5
664,Shaun,Richards,jeffrey47@grant-wilkinson.com,733133824,01-07-2018,5,2
665,Nicholas,Padilla,xgonzalez@yahoo.com,4470529542,09-11-2022,4,1
666,Ryan,Warren,ecoleman@yahoo.com,001-141-396-7840,24-12-2024,1,2
667,Julie,Holder,lisaharris@yahoo.com,001-143-930-2094x2368,23-12-2021,1,3
668,Amanda,Bishop,larry72@yahoo.com,(687)651-6858,27-08-2019,2,4
669,Gloria,Ortiz,xgutierrez@young.biz,9065598683,21-02-2017,6,5
670,Veronica,Ewing,skinnerstephanie@yahoo.com,001-371-586-8591x73792,12-11-2023,6,5
671,Amy,Gibbs,kimberlyscott@whitney.com,+1-894-446-6367x14787,01-11-2016,7,2
672,Michael,Dean,rjones@keller-harper.com,001-836-319-2564x77572,26-11-2018,1,1
673,Edward,Wade,robertolson@cross.com,+1-500-598-7725x75207,17-05-2021,3,4
674,Jennifer,Anderson,barbarawilson@anthony-gray.com,371-287-6480,05-03-2018,4,5
675,Jason,Aguirre,robert25@medina.biz,045-129-9558x937,19-06-2021,7,3
676,Alexander,Collins,oray@reid.com,(373)160-6800x307,08-10-2017,5,3
677,Elizabeth,Cobb,marywilson@gmail.com,(998)313-0401x738,30-10-2019,1,5
678,Catherine,Ware,luis75@burns.com,(937)922-4779,17-08-2022,3,5
679,Ariana,Mckay,fullerkayla@lopez.com,(984)594-9427x00787,30-04-2017,2,1
680,Mary,Humphrey,ethompson@salazar-wagner.info,(678)120-6351,17-11-2017,4,2
681,Christopher,Coleman,christinahopkins@mendoza.com,451-350-4534x539,06-06-2023,3,5
682,Anthony,Owen,gregory46@coleman-evans.biz,(346)564-3815,19-04-2021,1,3
683,Walter,Wilson,deannahutchinson@king.com,+1-335-983-7053x0693,25-10-2016,2,3
684,Miguel,Jimenez,ericbrown@hotmail.com,022-894-4043x1417,08-10-2018,4,2
685,Victoria,Rocha,klowery@wheeler.com,+1-115-691-7227x1795,24-06-2020,3,2
686,Mark,Richardson,ealvarez@yahoo.com,(114)427-1566,25-02-2022,3,4
687,Danielle,Jacobs,chandlereric@brandt.com,473-148-6569x5052,08-03-2022,1,3
688,Stephanie,Freeman,rhondathompson@keith.net,001-833-208-6734x5049,07-12-2023,3,5
689,Jenna,Brooks,nataliebrewer@cole-lopez.com,001-130-675-5145x503,20-10-2015,2,1
690,Stephanie,Smith,tiffany35@miller-murray.com,8309652725,23-05-2020,7,5
691,Margaret,Parker,eric77@aguilar.com,001-783-579-5872x0734,30-10-2021,4,2
692,Kimberly,Hernandez,mejiaryan@yahoo.com,(850)620-5721x0713,14-03-2022,5,4
693,Courtney,Lane,andrewjimenez@sanchez.com,970-128-5431,31-03-2016,1,4
694,Samantha,Vasquez,robert05@williams.biz,(816)043-0724,29-12-2016,1,3
695,Steven,Campos,cookjames@yahoo.com,001-520-566-7934x4744,21-07-2024,2,2
696,Brian,Snyder,yhayes@hotmail.com,001-484-697-9452x05186,13-03-2020,6,2
697,Renee,Williams,julie76@rodriguez-hernandez.info,476.209.2787,04-08-2016,1,5
698,Dave,Hernandez,gwagner@gmail.com,+1-142-734-4915x57606,26-12-2021,1,4
699,Cindy,Carpenter,williamreed@joyce.com,987.021.5546,28-01-2023,6,4
700,Joyce,Gutierrez,youngrichard@adkins.biz,187.611.1634x1798,16-07-2024,6,3
701,Troy,Hensley,lpineda@hotmail.com,(302)934-5718x494,12-09-2019,1,4
702,Tami,Beck,davidrobinson@johnson.com,415-915-4229x40714,10-10-2015,4,4
703,Kelly,Bailey,abautista@yahoo.com,889-299-7033,23-03-2019,1,3
704,Sarah,Webb,umcclure@yahoo.com,975.158.6044,26-02-2019,3,2
705,Christopher,Ortiz,ibranch@santiago.com,-2747,18-08-2025,4,2
706,Joshua,Andrews,thompsonjacqueline@hotmail.com,(496)381-2954x9176,29-01-2019,3,1
707,Anthony,Clark,zmercer@richardson-beard.net,074-592-7616x2627,04-09-2016,6,1
708,Cassie,Jones,johnwest@summers-cruz.com,591.732.3593x70363,22-12-2023,6,2
709,Tony,Valdez,sharon29@gmail.com,870-156-1157,03-09-2017,7,2
710,Roberto,Cherry,diane55@johnson.biz,840.743.0325x149,14-08-2017,5,1
711,Misty,Graves,kathy26@holmes.com,(693)137-5932x78291,24-06-2020,5,2
712,Paige,Moore,ezimmerman@yahoo.com,317.040.4683x2232,13-10-2022,3,5
713,Juan,Carey,sarah45@carrillo-brown.com,130.077.3563,20-05-2022,2,5
714,Cynthia,Liu,allenmelissa@aguilar.info,4284604824,15-01-2022,1,4
715,Mariah,Johnson,wilsoncrystal@vega.net,(382)721-0646,06-08-2019,1,5
716,Christopher,Sanchez,cowanbradley@gmail.com,(397)789-0740x70230,16-02-2018,4,4
717,James,Compton,johnsonbryan@gmail.com,751.185.0822x7608,11-10-2015,4,3
718,Susan,Garrison,haledaniel@hotmail.com,(700)430-1738,11-02-2017,5,1
719,David,Grant,hmendoza@yahoo.com,+1-779-039-4302x828,07-02-2024,1,2
720,Steven,Sutton,jose19@bailey.info,157.207.9837x6444,08-07-2023,4,2
721,Morgan,Marsh,matthew92@johnson.org,001-832-573-5741,14-08-2024,1,4
722,Crystal,Castillo,denise20@becker-jackson.info,9169656094,23-04-2018,1,4
723,Rachel,Robles,robertagray@medina.net,(168)730-4383x066,14-05-2017,7,5
724,Christopher,Brooks,williammartin@yahoo.com,001-739-931-3029x37726,04-09-2024,1,1
725,Stephanie,Mann,catherineboyd@hotmail.com,(015)091-6661,05-08-2017,3,2
726,Nancy,Fields,hansonalicia@gmail.com,1381275989,01-01-2021,4,4
727,Anthony,Edwards,rhunter@yahoo.com,+1-223-299-3434x550,20-10-2023,3,5
728,Brandi,Sharp,michaelsmith@yahoo.com,+1-934-325-3224x1218,12-01-2020,4,3
729,Jessica,Young,lweaver@gmail.com,017-037-0624,31-12-2018,6,2
730,Debbie,Rodriguez,xchaney@hotmail.com,001-791-177-6187x238,09-06-2016,3,3
731,Edwin,Clark,hannahtaylor@smith.com,001-022-329-1826x489,26-02-2023,7,1
732,Jennifer,Lane,haneykaren@yahoo.com,(754)835-4666x600,21-03-2017,7,1
733,Margaret,Palmer,sskinner@gmail.com,711.895.5731x5545,17-07-2021,1,3
734,Anita,Conley,kcarpenter@kelley.info,001-714-497-7610x61877,28-12-2019,3,1
735,Mark,Walker,kaitlynjohnson@robinson.com,118-747-7622,23-06-2022,5,3
736,Virginia,Becker,vdawson@hotmail.com,(839)163-3508x4295,14-10-2021,4,5
737,Gabriel,Ryan,ericlee@gmail.com,001-305-618-4188x5260,27-09-2015,2,3
738,Kathy,Garcia,owenvictoria@hernandez.info,8758927652,30-12-2023,6,1
739,Marcia,Turner,shelby56@hickman.biz,325-548-8328,28-08-2019,6,3
740,Susan,Allen,alexisstevens@garner.com,(927)953-8733x308,09-06-2020,1,3
741,Robert,Zimmerman,mbaker@yahoo.com,754.747.0281x11865,09-08-2017,2,5
742,Beverly,Smith,wcobb@woodard.biz,001-238-779-5447x8036,18-12-2021,2,5
743,Michelle,Schroeder,dwagner@mckinney-davis.com,+1-141-054-6529x58117,17-08-2025,4,5
744,Cory,Smith,isabel85@hotmail.com,4194795199,09-11-2022,1,3
745,Anthony,Gray,williamhernandez@miller-garcia.com,168.963.7198x08614,02-06-2023,6,1
746,John,Lopez,rogersmary@thomas.com,289-764-2425,17-01-2017,4,5
747,William,Eaton,myerskaren@bailey-lopez.net,+1-178-434-1831x653,05-10-2019,2,4
748,Joseph,Watts,oliviafarmer@yahoo.com,+1-991-179-5197x44287,19-03-2022,5,5
749,John,Smith,brendamiller@miller.com,778-251-2653x54402,15-01-2016,5,3
750,Kenneth,Mack,xhanson@gmail.com,001-568-465-3294x170,11-10-2017,7,1
751,Jason,Brooks,gwallace@pierce.biz,001-637-712-0890x5171,10-01-2024,4,1
752,Judy,Morrison,bergerronald@wright-gardner.com,+1-759-458-5145x8563,30-12-2016,2,1
753,Matthew,Young,katherinecraig@hotmail.com,394-509-6470x97139,25-06-2021,7,1
754,James,Fernandez,tanderson@murphy.org,485-859-5126x5096,21-03-2016,7,3
755,Susan,Harvey,cchavez@daugherty.com,854-382-0589,10-08-2022,6,1
756,Anita,Jordan,kmorrison@anderson.com,+1-429-477-5310x389,07-11-2016,3,1
757,Robert,Berry,wilsongregory@west.com,+1-746-889-5157x93892,27-01-2017,2,3
758,Michael,Mitchell,normancindy@gmail.com,635.578.8591x7621,27-03-2022,2,3
759,Manuel,Cole,rosaleslisa@gmail.com,2346878428,09-12-2020,3,1
760,William,Le,kimberlyhoffman@gmail.com,001-502-202-6208,15-12-2021,6,4
761,Shari,Abbott,grace08@hotmail.com,282017208,22-10-2015,3,1
762,John,Medina,tturner@mosley.com,065.020.5361x858,05-04-2017,5,3
763,Tyler,Smith,debracopeland@scott-wilson.com,+1-064-911-2496x883,10-07-2022,5,3
764,David,Powers,vwilliams@gmail.com,(225)296-2154x91230,29-12-2015,6,5
765,Charles,Garcia,shepardsteven@yahoo.com,412.453.7421,12-08-2022,6,1
766,Tonya,Lane,andrew36@hotmail.com,744-000-4702,24-10-2023,4,1
767,Kirk,Livingston,rpacheco@chandler.info,381-378-5923,23-01-2023,5,1
768,Ricky,Walker,melissachapman@yahoo.com,001-522-245-9266,31-05-2016,7,1
769,George,Jones,charleschavez@pena.com,380-922-1261x373,15-01-2021,7,2
770,Kevin,Smith,jonesstephanie@johnson.com,(276)597-5600x882,12-11-2018,1,3
771,April,Wright,morganmichael@yahoo.com,001-964-824-6247x3272,13-10-2024,1,4
772,Chad,Oliver,bbailey@powell.com,001-776-073-0673x52146,25-09-2021,7,1
773,Andre,Mccarty,jasonrodriguez@bowman-jackson.info,6719026292,10-03-2025,1,1
774,Jerry,Cole,michaelrodriguez@hotmail.com,5957986788,27-06-2020,7,1
775,Lori,Thompson,emcbride@gmail.com,108.918.9652x74174,19-04-2024,1,5
776,James,West,youngsavannah@hotmail.com,252-005-9969,11-10-2023,1,5
777,Ethan,Combs,zachary02@hotmail.com,882-163-3690x2265,01-11-2016,4,4
778,Denise,Mcgee,msingleton@barnes.biz,001-676-134-9797x2690,11-10-2015,2,1
779,Brittany,Sullivan,jocelyn44@cooper.com,621-921-2493x96320,08-08-2018,6,4
780,Daniel,Robinson,sonyasanchez@hurst.com,(486)872-6918,25-11-2017,5,4
781,Christina,Chambers,michealjohnson@mcdonald-murphy.com,592.709.4649x7977,07-08-2016,7,3
782,Victoria,Gonzalez,fishermichael@williams-jackson.com,409.386.8773x1933,29-01-2017,1,5
783,Catherine,White,mary28@warren.com,8058165989,22-06-2025,5,5
784,Keith,Nunez,ibenitez@hotmail.com,918-023-7028,22-11-2017,3,3
785,William,Pennington,rose16@kim-boyer.com,(077)115-7006x88260,07-07-2023,1,2
786,Melanie,Evans,gregorymarshall@yahoo.com,659412428,20-05-2025,5,3
787,Justin,Gill,smithgregory@hotmail.com,699-209-2257x4677,16-09-2025,1,5
788,Scott,Barrett,colleen01@gmail.com,(500)476-7361,09-03-2021,2,1
789,Steven,Mason,hartmanmary@rivas.com,001-818-257-0005x86393,08-02-2022,2,1
790,Julia,Sharp,vcoleman@gmail.com,(955)187-5571,22-04-2025,1,2
791,Gabrielle,Anderson,jeremycruz@barton.com,+1-441-634-2883x49086,03-02-2023,5,1
792,Christopher,Carter,kjackson@patterson.com,001-165-291-1882,12-04-2023,2,3
793,Jennifer,Miller,msantos@gmail.com,567-657-3713,02-04-2023,7,1
794,Jose,Mejia,ingramjohn@gmail.com,+1-800-092-9773x1079,17-12-2016,6,2
795,David,Campos,anthony00@gmail.com,+1-414-907-1617x723,28-01-2017,2,2
796,Javier,Walker,pedrowalker@howard.com,737-023-8792,26-07-2016,1,2
797,Susan,Sanders,watsonelizabeth@mcpherson-miller.net,(893)719-7132x38937,03-11-2022,4,5
798,Alexis,Bishop,markmckinney@nelson-middleton.com,+1-653-952-0786x76191,09-06-2016,7,4
799,Brittany,Watson,xkelley@edwards.com,001-410-868-3274x613,01-09-2022,1,1
800,Terri,Salas,mooremichael@yahoo.com,(773)720-3486x0168,31-01-2023,5,5
801,Destiny,Dean,justinroberts@hotmail.com,(862)255-2522,26-01-2021,6,1
802,Andrea,Nguyen,annebennett@gmail.com,7134055621,10-12-2021,7,2
803,Michelle,Riley,julia59@gmail.com,732-682-0975,04-09-2023,5,3
804,Jose,Martinez,davisbarbara@hotmail.com,(877)720-4787x742,06-05-2016,1,3
805,Michael,Mitchell,emilytaylor@gmail.com,(827)075-4518,21-07-2025,3,3
806,James,Brown,allison69@gutierrez.org,085.333.1835x59770,01-07-2018,5,4
807,Mary,Stewart,michellepittman@diaz-martin.biz,+1-231-660-6811x460,24-06-2019,4,3
808,David,Henderson,umarshall@schmidt.info,(492)502-2181,20-05-2019,4,5
809,Tom,Cunningham,mccartykimberly@malone.com,+1-392-188-3092x86860,11-01-2021,7,3
810,Joseph,Crawford,lozanojill@king.com,-8628,18-06-2023,7,1
811,Thomas,Ramos,ryan80@hotmail.com,729-543-9132x39469,04-11-2019,6,3
812,Douglas,Mendez,pdominguez@ashley-herrera.com,2268692376,01-02-2022,7,4
813,Deborah,Lawrence,jenniferwilkinson@hotmail.com,9391195663,23-08-2018,2,3
814,Shelley,Barrera,rrice@gmail.com,987.616.8444,01-03-2022,3,3
815,Michael,Bush,jacobsanchez@morris.com,001-896-021-2187x5500,23-03-2024,6,3
816,Leslie,Molina,zimmermanjeremy@rios-lewis.biz,(400)785-4590x7244,14-11-2019,6,4
817,Joseph,Johnson,rebeccajohnson@hotmail.com,971.900.6813x87772,25-05-2021,4,3
818,Amber,Johnson,kayla17@ramirez.com,(889)256-5147x37071,28-12-2016,2,2
819,Sharon,Walker,staceymarshall@hotmail.com,001-981-372-3402x3823,17-05-2025,1,4
820,Jessica,Turner,murphyamanda@gmail.com,8664834624,11-08-2023,5,1
821,Kenneth,Spence,murraykrista@moore.com,001-034-113-3041x29648,24-09-2024,7,1
822,Lisa,Lin,oellis@cervantes.org,979-628-6265x56330,06-10-2020,4,5
823,Deborah,Murray,parkerlori@yahoo.com,817.687.1413x387,30-06-2019,1,5
824,Ashley,Barker,xcruz@bautista.com,158.286.2405,21-12-2019,7,5
825,David,Cooper,rtaylor@johnson.info,128.326.3494,09-01-2017,6,2
826,James,Dyer,cassandrayoung@gmail.com,-8408,17-04-2022,4,2
827,Linda,Schroeder,pgutierrez@perez.com,7250687947,07-04-2025,3,3
828,Samuel,Glass,ecochran@wong.com,(786)768-1273,29-05-2022,3,2
829,Julia,Scott,evansdavid@yahoo.com,001-065-686-9712x04706,19-09-2019,2,3
830,Michael,Rodriguez,tiffanyflynn@gmail.com,(718)985-7635x488,06-06-2018,5,4
831,Mary,Stanton,brobertson@gmail.com,(085)444-0956,21-08-2020,2,2
832,Andrea,Powers,dobrien@brown.com,595.900.8768,09-08-2024,6,3
833,Charles,Andrade,khopkins@gmail.com,1141260773,08-07-2020,2,4
834,Charles,Salas,oliviaaguirre@hotmail.com,507.443.3536x75105,06-07-2018,4,4
835,Michael,Mcguire,vedwards@carrillo.com,(916)369-4735x9925,03-08-2018,3,4
836,Ronald,Blanchard,rodriguezjane@gmail.com,213-627-3041x676,08-05-2024,1,2
837,Shirley,Downs,echen@higgins-jennings.com,089.037.5916,29-07-2017,7,5
838,Roy,Price,jeffreymurphy@gmail.com,-6074,31-10-2018,2,3
839,Joel,Buck,anthonyespinoza@yahoo.com,023-163-7859x2248,12-05-2023,6,3
840,Melissa,Hernandez,richardgallagher@murphy.info,001-264-130-0042x7266,19-12-2020,6,4
841,Debbie,Pace,hebertcody@gmail.com,+1-490-442-7000x971,31-05-2016,3,2
842,Nina,Williams,aspencer@hardin.com,(120)564-8374,23-02-2019,5,4
843,Michael,Black,sarahwilliams@brown.net,001-138-259-1317x003,04-10-2017,3,4
844,Monica,Alexander,joseph77@gutierrez.com,(371)264-2512x1312,16-04-2023,3,2
845,Mike,Johnson,terrellamber@maxwell-wright.info,001-755-043-6389x884,24-06-2018,6,3
846,Daniel,Bender,hernandezmelissa@hotmail.com,+1-489-397-5182x013,08-01-2017,6,1
847,Leah,Martin,butlerjames@rice.com,001-870-740-5377x79183,16-04-2019,2,1
848,Amanda,Cook,paulcervantes@gmail.com,485.839.3867,29-11-2018,1,5
849,Jaclyn,Watson,rhinton@yahoo.com,+1-871-067-1775x085,14-07-2018,1,4
850,Kayla,Hancock,kara36@green-thomas.org,(815)354-3363x410,22-10-2021,6,1
851,Alexis,Hart,dduran@hotmail.com,-5069,01-03-2020,4,2
852,Amanda,Miller,gerald15@hotmail.com,001-080-963-6973x80162,06-02-2018,3,5
853,Kimberly,Jones,hunterjulie@schmidt.com,483.673.0480x50831,08-05-2018,4,5
854,Eric,Cook,davischristie@yahoo.com,358859997,27-02-2016,1,5
855,Holly,Patterson,deannicole@yahoo.com,525-032-2964x0558,07-09-2023,7,1
856,Timothy,Lynch,ihall@yahoo.com,+1-143-918-5127x85545,05-05-2021,3,2
857,Marissa,Payne,tina70@hotmail.com,(559)165-7606x25460,18-03-2020,7,1
858,Alan,Martinez,nealerica@hotmail.com,+1-674-673-5342x3315,21-02-2022,4,2
859,Roy,Andrews,pcummings@gmail.com,1510083741,01-05-2016,3,3
860,Jennifer,Phillips,smithsherry@hotmail.com,-6757,18-10-2016,3,5
861,James,Jackson,walkerjessica@lester.org,131-059-7707,01-08-2023,5,1
862,Mary,Cannon,david29@young-berry.com,+1-928-380-7917x672,11-02-2017,7,2
863,Jennifer,Davila,burkejessica@yahoo.com,535.020.8958,19-10-2021,3,5
864,Phillip,King,cunninghamsusan@hotmail.com,001-558-856-9353x271,11-06-2021,3,3
865,Ronnie,Bush,weaverlisa@chavez.com,+1-025-084-1708x47149,05-07-2025,1,5
866,Faith,Moore,jpeterson@watson.com,(902)389-4394x65933,27-12-2018,4,2
867,Erin,Tucker,thomas82@yahoo.com,+1-310-418-1312x0448,09-03-2017,3,4
868,Mackenzie,Christian,kellyharris@miller.org,7191833180,26-01-2019,2,3
869,Jessica,Serrano,tknight@wang.com,+1-414-919-0987x266,04-03-2023,3,2
870,Gregory,Waters,nathanielbarber@hotmail.com,076.590.1996x8092,21-08-2025,6,1
871,Michael,Farmer,chasegarrett@wade.com,3518156029,28-01-2020,3,2
872,Thomas,Lee,daniel50@lyons-oliver.org,(912)784-3960,09-07-2018,6,1
873,Steven,Cook,woodardjulie@hotmail.com,621-995-4018x514,11-08-2018,5,4
874,Micheal,Fox,murrayandrew@gmail.com,266.713.8533x803,06-10-2022,5,5
875,Robert,Mccarthy,masonrichard@gmail.com,4713747990,15-09-2024,3,1
876,Sherry,Mclaughlin,gholt@mcbride-waller.biz,(878)818-6884,18-09-2022,6,3
877,Michael,Li,vchung@hotmail.com,+1-345-421-2437x253,16-03-2023,1,1
878,Nathaniel,Miller,karen84@gmail.com,7851055362,08-06-2019,2,3
879,Bryan,West,uvaldez@white.com,001-036-691-5259x190,18-02-2019,6,1
880,Walter,Jennings,amy69@murphy-sanders.com,622-176-7221,11-01-2021,1,1
881,Jonathan,Stephens,fmoreno@hotmail.com,-10654,25-02-2019,1,2
882,Eric,Taylor,matthew57@perry-wong.com,939.029.2479,16-06-2019,4,5
883,Karen,Gonzalez,carterbrandon@young.com,7167881366,01-02-2016,2,5
884,Linda,Williams,carllopez@hotmail.com,(966)550-5371x11090,05-02-2023,7,5
885,Jasmine,Torres,anita43@johnson.biz,289-401-2485,08-09-2020,7,2
886,Donald,Gonzalez,derrick48@franklin-griffin.biz,755.404.1224x9696,23-12-2018,1,4
887,Cynthia,Copeland,william89@gmail.com,696-557-7700,20-01-2018,6,4
888,Scott,Cole,eric58@jones.com,(515)339-3006,01-07-2024,5,3
889,Charles,Thomas,turnermatthew@yahoo.com,906.207.4016x10416,24-12-2017,2,1
890,Kevin,Foster,oliverchristopher@alvarado.com,+1-635-315-8544x0098,23-08-2024,4,1
891,Elizabeth,Perry,imiller@gmail.com,(021)105-0737x981,21-11-2016,1,2
892,Eric,Mcconnell,qwhite@gmail.com,+1-259-024-6341x1622,27-07-2016,4,5
893,Timothy,Chambers,wduffy@norton.com,001-682-570-7589,30-07-2018,7,1
894,Sarah,Johnson,kclark@gmail.com,126-456-3890x7764,24-02-2023,1,2
895,Tonya,Kelly,brandonclayton@armstrong-garza.net,+1-647-577-7178x9825,19-01-2023,1,3
896,Stephanie,Jones,wbarnes@gmail.com,001-658-971-4229x9031,02-09-2023,1,4
897,Kevin,Ho,kristenmiles@harding.com,+1-055-317-5892x616,17-03-2016,5,5
898,Natalie,Garcia,johnsonyvonne@gmail.com,+1-729-520-7472x48887,24-04-2024,6,4
899,Arthur,Huynh,hjarvis@hotmail.com,(268)761-1009x8931,05-12-2017,2,2
900,Justin,Hanson,fholmes@gmail.com,(986)593-0474x35043,02-04-2023,2,1
901,Sarah,Shepherd,allenkendra@gmail.com,715-058-9534x388,29-05-2018,3,1
902,Jillian,Best,susan22@gmail.com,753.432.6668,19-04-2019,1,2
903,Barbara,Mccoy,jamesortiz@hotmail.com,120.668.2978,20-01-2020,7,3
904,Samuel,Monroe,joshua54@yahoo.com,(750)272-3419x941,10-08-2019,4,3
905,Jermaine,Davis,jbowen@hotmail.com,+1-854-645-9150x12160,17-04-2020,2,2
906,Michelle,Perry,michael34@yahoo.com,(060)527-8133x929,17-08-2021,2,2
907,Brandi,Dennis,mary71@dean.com,001-231-931-9342x73525,13-03-2022,5,5
908,Melissa,Coleman,jeffreyhernandez@jacobs.org,912.095.2628,19-08-2023,1,4
909,Kristen,Garcia,sgardner@hotmail.com,(918)801-9388,22-11-2023,7,4
910,Ryan,Wilson,timothy25@hatfield-cole.com,001-288-127-8446x49535,15-05-2016,7,3
911,Michelle,Diaz,barnesmichele@hotmail.com,055-645-2792x31619,17-04-2017,5,5
912,David,Chandler,robertmartinez@taylor-reyes.net,015.229.5553,13-07-2021,4,1
913,Jacob,Lee,edwardsmall@lopez-lane.com,+1-751-033-8418x78608,12-11-2019,5,3
914,Jeffrey,Barnes,kathrynweiss@hotmail.com,001-214-311-2197,28-05-2018,4,4
915,Stephen,Olson,ewilkerson@hotmail.com,001-805-821-2524x645,27-07-2017,4,1
916,Stephen,Baker,mason60@hayes.com,164.176.6688x65728,10-09-2018,5,4
917,Stephanie,Mcpherson,pamelalee@yahoo.com,832.260.8817x3017,24-03-2018,7,2
918,William,Ray,dfinley@cohen.biz,001-654-219-4131x576,02-01-2022,7,4
919,Ashley,Turner,matthewgreene@gross-martin.com,867.686.6319,20-05-2017,4,2
920,Kaitlyn,Powers,luke54@hotmail.com,553-700-3550,22-10-2019,6,4
921,Jill,Wolf,stewartdavid@gmail.com,001-439-327-2052x134,25-08-2020,1,4
922,Lisa,Perez,katherine17@pearson-butler.net,001-392-483-9842x73927,13-06-2016,2,1
923,Robert,Taylor,nmartinez@reeves.net,894.987.3571x3583,11-11-2018,6,3
924,Chloe,Rogers,josephcox@hotmail.com,+1-868-268-7123x38026,05-12-2024,7,5
925,James,Moreno,chad44@lyons.com,001-139-658-5606x313,28-02-2019,1,5
926,Michael,Miles,michael16@rodriguez.com,001-607-871-0402x6315,22-09-2016,5,5
927,Nathaniel,Lamb,donaldramirez@white.org,+1-326-392-8935x170,08-12-2021,1,1
928,Molly,Barrett,chadjohnson@taylor-jones.info,031.438.5154x9226,04-12-2021,6,2
929,Geoffrey,Gross,ohoward@villarreal-martin.org,9704567704,13-06-2016,5,3
930,Daniel,Clark,nicole02@yahoo.com,998186327,28-12-2019,4,5
931,Paula,Dickerson,yatesnicholas@gmail.com,001-506-685-8629x2481,05-09-2024,5,5
932,Mary,Abbott,sandrawilliams@gmail.com,(394)488-3563x0879,05-01-2017,2,2
933,Carol,Smith,monique57@williams.info,001-832-570-6190,09-10-2018,6,3
934,Ashley,Martinez,serickson@gmail.com,309.973.0917x545,07-10-2017,4,1
935,Mary,Hernandez,victor20@macdonald-kelly.com,(946)508-8582x802,23-06-2019,4,2
936,Paige,Buckley,bennettrichard@yahoo.com,644.372.6724,17-04-2017,5,1
937,Debra,Freeman,michael48@gmail.com,6995075643,15-12-2021,5,4
938,Juan,Lowe,kathleen71@allen.com,001-254-840-4210x61731,24-05-2023,3,2
939,Alexis,Carter,barkermary@gmail.com,351-307-5910,25-04-2021,4,2
940,Theresa,Mcbride,vallison@kim.info,+1-647-987-5429x355,15-03-2016,4,5
941,Jessica,Smith,angelahudson@hotmail.com,+1-907-267-2812x807,28-02-2019,7,3
942,Brandon,Harris,ggarcia@snow.biz,+1-099-443-3197x9970,02-03-2023,6,5
943,Makayla,Hansen,ericboyd@hotmail.com,674-850-9946x60339,14-09-2019,1,4
944,Danielle,Saunders,ymoss@hotmail.com,8791775794,13-04-2020,3,1
945,Melissa,Watts,jadeharris@aguilar.biz,+1-004-037-1391x1450,15-09-2020,4,3
946,James,Lee,monteshannah@gmail.com,001-646-784-1491,10-10-2023,7,5
947,Kevin,Shaw,micheal72@gmail.com,(368)452-6339x2197,12-04-2022,1,4
948,Ronald,Wagner,qruiz@hotmail.com,001-747-517-0306x661,11-07-2018,2,2
949,Jamie,Strong,darlene39@freeman.com,(493)437-2028,05-05-2016,5,4
950,Christopher,Riley,xowens@james-ramirez.org,+1-412-342-2998x1254,12-07-2016,4,1
951,James,Meyer,tammy72@fisher.org,+1-808-589-9179x257,26-06-2017,1,3
952,Luke,Chaney,cdavis@williams.info,+1-302-431-9586x170,15-07-2022,3,5
953,Anita,Stewart,lindsay68@davidson.info,001-099-289-1748x9449,17-02-2016,6,4
954,Nicholas,Jones,evanschristine@yahoo.com,001-491-284-8648x15737,11-08-2017,4,5
955,Sydney,Hanson,melissa71@hotmail.com,001-019-646-6164,04-05-2024,2,4
956,Sandra,Miranda,cburch@fuller.com,001-546-580-9367x90895,10-04-2025,1,5
957,Frederick,Thomas,taylorkevin@dickson.org,955-129-1865x16084,08-02-2024,1,3
958,Daniel,Morgan,ymartin@gmail.com,189-727-3125x3467,24-04-2024,7,5
959,Ian,Wilson,randy57@pruitt.net,+1-047-923-4910x35621,17-07-2023,1,5
960,Tina,Johnson,bhenderson@herrera.com,037-232-4117,08-07-2019,4,3
961,Chase,Perry,gbailey@yahoo.com,+1-466-292-0192x0623,30-10-2022,5,5
962,James,Greene,joshuaperez@rhodes-allen.org,892-351-7387x189,03-06-2025,3,3
963,Kimberly,Gonzalez,jeanette53@hotmail.com,781-382-1266x9939,22-03-2018,2,2
964,Ana,Braun,sampsonjared@bernard.com,068-626-8761x53461,30-08-2023,1,5
965,Sheila,Arnold,solisshawn@yahoo.com,242.065.2874,07-11-2018,7,1
966,Preston,Nicholson,jonathonpratt@hotmail.com,001-836-388-0214x4175,12-11-2016,6,4
967,Daniel,Baker,jbell@mack-valdez.com,001-299-418-8244x0583,03-06-2022,1,4
968,Eduardo,Payne,rhondaward@hood-gonzales.com,+1-481-526-9224x6318,10-11-2015,5,4
969,Jason,Whitehead,douglasvalentine@gmail.com,(491)602-1387,28-01-2017,4,4
970,Joseph,Wilson,carlospowers@miller.net,(527)085-7879,05-07-2016,7,4
971,Darrell,Thomas,nlarson@gmail.com,728.636.4615,30-04-2022,3,3
972,Dana,James,kimberlyortiz@williams.com,(898)723-3437x803,04-08-2017,5,2
973,Charles,Carter,lewing@barton.com,2541907353,16-12-2024,3,1
974,Carrie,Holden,rachelcrawford@yahoo.com,316.404.9027,26-10-2018,3,2
975,Melanie,Buchanan,zadams@miller.net,5239191270,21-01-2024,6,4
976,Jennifer,Porter,christophercastaneda@yahoo.com,7992327104,19-07-2021,5,3
977,Deborah,Jones,alec44@gmail.com,042-704-9691x4121,02-08-2020,7,1
978,Kristen,Ortiz,burkeandrew@gmail.com,414-984-0299x5723,02-10-2023,1,3
979,Gregory,Vaughn,diana76@gmail.com,(989)013-4682,15-02-2016,2,2
980,Gregory,Gill,susantucker@floyd.biz,001-395-544-2913x32998,12-09-2019,3,5
981,Anthony,Wilson,lopezruth@cooper.com,148.019.0463,05-07-2023,1,3
982,Joseph,Mitchell,phillip23@nguyen.com,586-371-0564x75963,23-01-2022,5,4
983,Sarah,Contreras,luiscastro@lee.com,530.200.2033x859,07-09-2016,7,5
984,Robert,Mclean,samuel88@hotmail.com,001-254-677-6199,01-09-2018,7,4
985,Betty,Ferguson,chelseajohnson@hotmail.com,-1891,15-02-2016,4,1
986,Erica,Palmer,courtney56@miller.com,217-028-5292,30-04-2017,4,4
987,Steven,Henry,ytorres@willis.biz,(411)443-3162x910,08-07-2022,6,2
988,Kenneth,Lynn,hartwilliam@yahoo.com,001-887-443-6614x6399,26-12-2018,1,4
989,Tracy,Ramirez,richard20@dixon-dickerson.com,(784)590-5692,07-06-2021,7,3
990,Anthony,Moore,buchananmichelle@yahoo.com,102.362.6624x8225,24-05-2025,7,3
991,Michele,Richardson,rossmonique@wheeler.com,(557)939-5051x6689,02-11-2015,2,1
992,Emily,Rodriguez,sheila59@zimmerman.com,-4048,11-04-2024,1,2
993,Alicia,Fowler,tonywilliams@simmons.com,265.678.0143,04-07-2019,2,3
994,Tara,Flores,cody95@yahoo.com,2356947518,05-06-2021,5,5
995,Brandon,Payne,john85@middleton.com,470.647.5469,11-09-2023,5,5
996,Tami,Newman,natalie51@holder-herring.biz,(680)111-3836x7670,15-12-2019,4,3
997,John,Scott,mcguiretim@yahoo.com,+1-265-378-4885x32303,28-04-2021,2,5
998,Alexander,Robbins,trosales@gmail.com,137.716.0678x258,01-07-2022,4,1
999,Christy,Conner,dcastillo@gmail.com,777.457.3072x8373,17-03-2018,1,5
1000,Kevin,Evans,hallrobert@hotmail.com,1781182656,20-10-2022,5,1
